resname,ref_pka,sasa,electrostatic_potential,arg_count,lys_count,asp_count,glu_count,hbonds_weighted,hbonds_strict_flexible,label,pdb
CYS,8.3,2.179376038353717,29.3837,2,3,0,4,2.4859,3.3312,0.9921193161496697,1EH6
CYS,8.3,22.62748485165837,17.4991,1,4,2,2,0.0838,0.0477,0.7761545753418307,1QLP
HIS,6.0,6.969990109588629,-30.4368,1,2,6,1,1.1231,1.3056,0.6131368201531431,1YPH
HIS,6.0,1.5521089669708803,,2,1,2,0,1.8558,2.1625,0.9479085506726252,1YPH
ASP,3.9,0.9140810685655172,39.2779,1,4,2,0,3.6417,4.7218,0.9999765582613749,1YPH
LYS,10.5,70.93448511081624,-2.424,3,2,1,2,0.4105,0.4105,0.000999000999000999,1GS9
LYS,10.5,72.77569269237097,-2.8803,3,2,1,2,0.0,0.0,0.0019912891707283232,1LE2
LYS,10.5,64.94151877187171,-8.2973,1,3,1,4,0.8313,0.9129,0.002505592667285737,1GS9
LYS,10.5,53.93650821175461,-7.1214,3,3,2,4,0.0,0.0,0.002505592667285737,1LE2
LYS,10.5,13.981204572551906,-14.0879,3,4,0,7,2.3077,3.214,0.0019912891707283232,1GS9
LYS,10.5,28.143352237337748,-7.5997,3,4,0,5,0.0,0.0,0.002505592667285737,1LE2
LYS,10.5,95.89410042640984,-0.2447,3,1,0,2,0.395,0.98,0.0019912891707283232,1GS9
LYS,10.5,80.30096522944875,0.391,2,1,0,3,0.0,0.0,0.0015823852808017238,1LE2
LYS,10.5,81.16419533672583,1.5026,5,2,0,0,0.0053,0.0,0.007880683850330292,1GS9
LYS,10.5,62.65015904540032,1.9225,6,2,0,0,0.0,0.0,0.009900990099009901,1LE2
LYS,10.5,79.27511322301135,1.7197,4,2,0,0,0.0,0.0,0.015601662241829638,1GS9
LYS,10.5,75.82226444082427,3.3862,6,2,0,0,0.0,0.0,0.0031523091832602115,1LE2
LYS,10.5,86.99947960805429,-1.7856,4,2,3,1,0.0,0.0,0.00019948642872153068,1GS9
LYS,10.5,75.80978500243751,-2.758,1,1,3,1,0.0,0.0,0.00031612779762961766,1LE2
GLU,4.1,56.68938550421285,7.7569,0,3,0,1,2.0715,2.6018,0.9990009990009991,1PGB
GLU,4.1,81.72423670418348,6.5521,0,3,1,2,3.0335,3.7851,0.9998005135712785,1PGB
ASP,3.9,61.92335148824611,24.5296,0,3,3,2,1.5109,3.0195,0.9999683782233666,1PGB
GLU,4.1,47.95770021659734,9.8788,0,4,3,3,3.0041,5.4069,0.9987426574886448,1PGB
LYS,10.5,70.9425952514782,-3.9575,0,2,1,2,0.2466,0.2555,0.00031612779762961766,1PGB
ASP,3.9,79.85858877439607,-2.6032,0,2,2,2,2.2413,3.9572,0.9997488744367387,1PGB
ASP,3.9,104.34237300087425,-4.8537,0,2,2,2,1.2094,1.4111,0.9996020512556952,1PGB
GLU,4.1,100.85284449146155,2.6376,0,2,1,3,2.7223,3.1731,0.9990009990009991,1PGB
ASP,3.9,64.63247117742252,10.0385,0,2,3,1,2.8035,4.0645,0.9998415357956377,1PGB
ASP,3.9,78.07667023001112,17.0843,0,2,3,1,3.1871,4.5741,0.9999000099990001,1PGB
GLU,4.1,13.184537411057736,13.5128,0,2,1,2,2.4044,2.627,0.9996020512556952,1PGB
ASP,3.9,0.0,-3.4045,1,4,4,0,5.0675,7.9721,0.6661394245831224,7XJD
ASP,3.9,87.29459023476377,14.5392,2,2,4,0,2.1664,2.4601,0.9999498837883978,1A2P
ASP,3.9,69.30739753546735,6.2624,1,1,2,0,3.0288,4.4471,0.9997488744367387,1A2P
HIS,6.0,59.84803690933752,-1.993,0,1,2,0,0.1089,0.0,0.30876384758523717,1A2P
ASP,3.9,88.7023858441353,7.6706,1,3,3,2,3.1437,5.0935,0.9999205734855999,1A2P
GLU,4.1,59.64620398169572,3.9822,2,2,3,1,5.0059,7.1659,0.9997761779936489,1A2P
ASP,3.9,89.62766224780053,-3.0898,0,3,1,0,2.2068,2.9996,0.9998415357956377,1A2P
ASP,3.9,28.12142973781378,16.7359,3,2,2,2,2.6268,4.274,0.9999936904663657,1A2P
GLU,4.1,60.290820249279534,11.6598,1,1,0,1,1.7831,3.3983,0.9999601908677747,1A2P
GLU,4.1,12.37865212033595,12.9584,3,3,3,1,3.6676,4.7104,0.9999949881527824,1A2P
ASP,3.9,0.994839347302774,27.6979,3,3,5,1,2.7921,3.3033,0.9999498837883978,1A2P
ASP,3.9,23.729696614369733,5.3827,3,1,4,1,3.076,3.5568,0.99936944051166,1A2P
ASP,3.9,36.18043693210896,14.1615,2,2,2,2,6.5422,8.9886,0.9999960189441433,1A2P
HIS,6.0,61.09564658563339,2.4191,2,1,3,1,0.2384,0.3959,0.9264124438824266,1A2P
GLU,4.1,29.83088371290229,-22.2351,1,2,1,3,1.278,2.5375,0.9999205734855999,1BI6
GLU,4.1,8.95091771842854,2.5652,1,1,1,2,0.4647,1.2831,0.9999205734855999,1BI6
GLU,4.1,64.74158467337516,5.2793,0,2,3,2,0.9118,1.8857,0.9996020512556952,1BI6
ASP,3.9,24.37301259824096,1.1776,0,4,3,2,3.3082,5.7181,0.9999601908677747,1BI6
ASP,3.9,82.76941967749914,2.0697,0,3,2,1,0.9224,1.4976,0.9997488744367387,1BI6
GLU,4.1,56.07517234150485,-0.6317,0,2,2,1,1.915,3.4144,0.99936944051166,1BI6
ASP,3.9,21.5633458930142,4.2131,0,3,2,1,1.9316,3.7553,0.9999498837883978,1BI6
ASP,3.9,89.49985503199217,5.8294,1,2,1,3,1.6375,2.4265,0.9998005135712785,1BI6
LYS,10.5,31.216145879339518,-4.0544,0,3,0,3,0.0,0.0,0.0006602572203880863,4ICB
LYS,10.5,31.216145879339518,-4.0544,0,3,0,3,0.0,0.0,0.0006162150467435896,4ICB
LYS,10.5,31.216145879339518,-4.0544,0,3,0,3,0.0,0.0,0.0006452376286309984,4ICB
GLU,4.1,96.37020391863896,1.8481,0,3,0,3,3.0674,5.469,0.9997656320596758,4ICB
GLU,4.1,55.76310680468306,0.6728,0,3,0,4,4.2217,7.419,0.9999000099990001,4ICB
LYS,10.5,46.408422890443966,-5.4352,0,2,0,5,0.0,0.0,0.00012301174333061184,4ICB
LYS,10.5,46.408422890443966,-5.4352,0,2,0,5,0.0,0.0,0.00010231882901400452,4ICB
LYS,10.5,46.408422890443966,-5.4352,0,2,0,5,0.0,0.0,0.00010963579828808477,4ICB
GLU,4.1,63.05733503855596,-4.5194,0,3,1,8,3.0555,5.1531,0.9978170142285467,4ICB
LYS,10.5,66.19164733559177,-3.5622,0,4,0,4,0.0,0.0,0.00021872830985471807,4ICB
LYS,10.5,48.40177847499852,-5.7063,0,3,1,5,0.0915,0.0942,0.001901836842567764,4ICB
LYS,10.5,48.40177847499852,-5.7063,0,3,1,5,0.0915,0.0942,0.00021872830985471807,4ICB
GLU,4.1,52.96080875948541,-16.5309,0,4,1,5,1.5468,2.8109,0.9998340688469732,4ICB
LYS,10.5,45.79060830457637,-15.2233,0,2,3,7,0.0216,0.0222,4.786071847425361e-05,4ICB
LYS,10.5,45.79060830457637,-15.2233,0,2,3,7,0.0216,0.0222,3.890300099706169e-05,4ICB
GLU,4.1,81.09441678121088,-0.6145,0,4,2,6,3.5945,5.8374,0.9995215988848472,4ICB
LYS,10.5,50.789768714135306,-1.1659,0,3,1,5,0.0,0.0,0.0003310215099587633,4ICB
LYS,10.5,50.789768714135306,-1.1659,0,3,1,5,0.0,0.0,0.00013180829813791921,4ICB
LYS,10.5,89.21757319525155,-5.2355,0,2,1,1,0.0,0.0,0.0003713972419378034,4ICB
LYS,10.5,89.21757319525155,-5.2355,0,2,1,1,0.0,0.0,0.0002950338520040177,4ICB
ASP,3.9,76.28869265993539,8.5885,0,4,2,6,3.1247,4.3224,0.9999563503221535,4ICB
GLU,4.1,67.01878407633635,-8.0409,0,5,2,3,5.024,6.5821,0.998343162757957,4ICB
LYS,10.5,61.94784341355321,-8.9987,0,3,2,5,1.041,1.5771,0.00011747595327292657,4ICB
LYS,10.5,61.94784341355321,-8.9987,0,3,2,5,1.041,1.5771,1.905424410849593e-05,4ICB
GLU,4.1,104.69166279140394,1.7885,0,2,2,5,3.0797,5.8406,0.9997246529665365,4ICB
LYS,10.5,80.29507750232314,-0.6448,0,2,0,1,0.0,0.0,0.0004675164674062617,4ICB
LYS,10.5,80.29507750232314,-0.6448,0,2,0,1,0.0,0.0,0.00047840111515272523,4ICB
LYS,10.5,39.574189422507374,-3.9176,0,4,2,4,0.4622,0.5115,0.00030893407349573204,4ICB
LYS,10.5,39.574189422507374,-3.9176,0,4,2,4,0.4622,0.5115,0.0002454106503973499,4ICB
LYS,10.5,39.574189422507374,-3.9176,0,4,2,4,0.4622,0.5115,0.00011747595327292657,4ICB
HIS,6.0,13.67419869339767,-10.0812,1,7,1,0,1.2315,1.8723,0.9843983377581704,1KXI
GLU,4.1,115.2801950061494,4.1762,0,3,2,1,1.0131,1.3672,0.9996020512556952,1KXI
ASP,3.9,75.84383451889155,15.2967,0,4,2,1,0.9953,1.9595,0.9999369082463725,1KXI
ASP,3.9,53.89970017623155,15.8591,1,7,1,0,2.0913,2.8672,0.999992056780748,1KXI
CYS,8.3,21.381356321611463,-7.634,2,0,2,4,0.3517,0.6905,0.9998415357956377,1THE
HIS,6.0,7.781105557392117,-24.2241,2,0,2,3,1.1741,1.2772,0.7597469266479578,1THE
HIS,6.0,53.93586236962528,-2.1059,1,1,4,2,0.0372,0.0,0.333860575416878,1THE
HIS,6.0,6.516245268673586,-23.3632,2,0,1,3,1.3648,1.5835,0.05935094310276769,1THE
ASP,3.9,113.41587558876007,1.4078,1,2,3,1,1.4582,2.3896,0.999865121906295,1CDC
ASP,3.9,88.58825779717459,2.8829,2,2,3,1,2.0197,3.0866,0.9998486667803661,1CDC
ASP,3.9,16.414773978275278,11.6264,4,4,3,3,4.5485,6.3868,0.999852111035564,1CDC
GLU,4.1,4.441956038832971,8.2408,4,5,4,6,3.9941,4.7224,0.9989539667831926,1CDC
GLU,4.1,22.103570249896578,10.513,4,3,4,4,2.5925,3.5631,0.9994248910033477,1CDC
GLU,4.1,2.6622543052371226,0.8374,4,7,3,6,2.5827,3.0086,0.8238615285055724,1CDC
GLU,4.1,46.20038896260817,9.9894,2,3,2,2,1.4431,2.1089,0.9996689784900412,1CDC
ASP,3.9,5.778874414888127,-0.6036,1,4,1,4,2.8628,4.3273,0.9994379747248477,1CDC
ASP,3.9,96.84136229013704,2.1381,3,1,3,0,1.0358,2.4021,0.9999397476719544,1CDC
ASP,3.9,22.062903467521704,4.8216,3,3,3,1,1.6559,3.6342,0.9994507609554469,1CDC
ASP,3.9,37.338779332617605,12.052,3,1,3,1,3.5796,4.1329,0.9997049661479959,1CDC
GLU,4.1,112.8518701162883,6.8208,2,0,0,1,0.6297,1.0228,0.9992925550482871,1CDC
ASP,3.9,0.0,22.6097,1,4,3,0,4.0644,5.2837,0.9999990879899925,1EX3
ASP,3.9,3.750562047140802,23.4757,2,0,3,0,2.7337,3.7017,0.9999922375890892,1EX3
CYS,8.3,40.16935364895817,21.5591,5,1,1,2,0.3636,0.5579,0.9843983377581704,1QK1
CYS,8.3,44.60370720392238,17.1282,4,0,2,2,0.8938,1.0101,0.9843983377581704,1I0E
HIS,6.0,17.23918621752755,-1.7755,1,4,0,1,0.0178,0.0579,0.9999874109043695,1HRC
HIS,6.0,19.29181423023031,-13.1721,1,4,0,2,0.5442,1.3646,0.9090909090909091,1HRC
TYR,10.5,11.835579041138809,17.8751,2,8,0,2,0.6601,0.7218,0.00025112556326146204,1HRC
LYS,10.5,54.9211976919084,-4.8412,0,3,1,0,0.7861,1.2062,0.02450336755033601,1HRC
CYS,8.3,15.45357990442274,-5.7162,3,2,1,3,0.64,1.2718,0.9900990099009901,1P5F
CYS,8.3,15.787856657211956,21.5835,3,2,0,2,0.3139,0.32,0.9090909090909091,3CZ9
LYS,10.5,50.93242141080956,-13.1423,0,2,0,4,0.0,0.0,0.0014769238577015949,1XSN
LYS,10.5,64.79448486849516,-5.8676,2,4,1,0,0.0093,0.0,0.002133400959129905,1XSN
LYS,10.5,57.35352281166344,-3.8987,3,3,0,0,0.3728,0.6083,0.002448698074689273,1XSN
LYS,10.5,16.20434511260653,0.8444,3,4,2,3,0.3971,0.553,0.006563569407048167,1XSN
LYS,10.5,42.82172149331282,2.7163,3,5,2,2,0.8251,0.9927,0.0013471456331351113,1XSN
CYS,8.3,3.22528511926256,15.3977,1,1,0,3,1.3426,2.5186,0.9998741233057575,1DSB
CYS,8.3,3.0319962927108066,15.0499,1,1,0,3,1.0263,1.9068,0.9989539667831926,1AC1
CYS,8.3,6.889980374076754,7.3692,0,1,0,2,1.1615,2.8473,0.9950131212633121,1BED
CYS,8.3,2.917360159741229,23.1233,1,1,1,1,2.168,5.0217,0.9991095426827855,1EEJ
CYS,8.3,2.917360159741229,23.1233,1,1,1,1,2.168,5.0217,0.9984176147191982,1EEJ
CYS,8.3,2.917360159741229,23.1233,1,1,1,1,2.168,5.0217,0.9994990638291863,1EEJ
CYS,8.3,10.050333606607254,10.7853,0,2,2,2,0.4215,1.3251,0.0007936977781692444,2FWF
CYS,8.3,10.050333606607254,10.7853,0,2,2,2,0.4215,1.3251,0.012432735254442395,2FWF
CYS,8.3,7.17312704975692,27.4322,0,2,1,1,2.0442,3.5341,0.9998741233057575,1V57
GLU,4.1,88.5014263168102,-4.6929,1,1,0,1,0.8089,1.0397,0.9990009990009991,8UOZ
ASP,3.9,108.40747262816969,2.8093,1,0,2,0,0.6545,1.3615,0.9996838722023703,1EGF
HIS,6.0,9.919135222467476,-14.5308,0,0,1,1,0.664,0.7299,0.7992399910868984,1EGF
GLU,4.1,52.39770386526996,17.0458,0,0,1,1,1.3546,2.0886,0.9994990638291863,1EGF
ASP,3.9,94.72102270880808,2.5226,0,0,2,1,2.0271,2.749,0.9996020512556952,1EGF
ASP,3.9,51.73052949732628,14.8599,2,0,3,0,1.7361,3.5716,0.9998415357956377,1EGF
ASP,3.9,74.93300425217576,3.5931,3,0,2,0,1.8348,2.6154,0.9997488744367387,1EGF
GLU,4.1,90.91673622934036,12.661,0,0,1,1,1.0524,1.4532,0.9875672647455576,1A91
ASP,3.9,84.60777407831165,3.4782,0,0,1,1,2.7803,4.639,0.9843983377581704,1A91
GLU,4.1,71.23548325212784,8.3251,2,1,1,1,2.0619,3.3147,0.9875672647455576,1A91
ASP,3.9,56.5932519479293,5.8323,2,0,1,1,0.7117,1.1885,0.9843983377581704,1A91
ASP,3.9,54.12751596700419,1.0692,0,0,1,0,1.7599,3.5899,0.6661394245831224,1A91
GLU,4.1,40.793961166204,-2.2092,1,1,1,2,2.2392,3.5591,0.9997488744367387,1FNA
GLU,4.1,41.04342884519173,-6.0113,1,0,0,2,1.901,2.1924,0.9996838722023703,1FNA
ASP,3.9,45.68401605996415,5.2362,1,1,1,2,2.6996,3.3675,0.99936944051166,1FNA
ASP,3.9,72.67020036484911,0.3215,3,1,1,0,0.4837,1.0645,0.9999000099990001,1FNA
HIS,6.0,70.00838622190736,-0.2501,0,0,1,0,0.0,0.0,0.8858769425858496,1FKS
HIS,6.0,77.10717404177049,2.7116,0,0,1,1,0.0,0.0,0.9731959575961598,1FKS
ASP,3.9,31.342303309578323,13.5657,0,3,1,0,5.1566,6.7693,0.9999876974636461,1BEO
ASP,3.9,33.57506215248677,3.3963,0,1,1,0,4.381,5.6402,0.9999871176704396,1BEO
LYS,10.5,79.08108491093444,-0.9593,0,2,1,0,0.4992,0.551,0.0019912891707283232,1BEO
ASP,3.9,46.33595144769373,2.4285,0,0,1,0,3.0615,4.4004,0.999983782162049,1BEO
TYR,10.5,46.05217109312007,0.9334,0,1,0,0,0.2542,0.274,0.0011207609398445988,1BEO
LYS,10.5,59.88161018071859,-1.2977,0,2,0,0,0.8948,1.0396,0.009900990099009901,1BEO
GLU,4.1,35.52213859174333,-6.1049,1,1,3,2,2.2958,3.6079,0.9991689274849066,7M2Z
ASP,3.9,77.37839395846986,11.604,2,2,4,1,2.1203,2.7908,0.9996838722023703,7M2Z
ASP,3.9,61.469419758290144,2.912,1,2,6,0,3.296,4.0643,0.9994632564519815,7M2Z
ASP,3.9,47.70497340693483,2.8839,2,3,6,0,2.3493,2.9937,0.999276088467471,7M2Z
ASP,3.9,48.71933330493082,-6.8475,1,3,5,1,0.5343,0.958,0.9994754678181524,7M2Z
ASP,3.9,118.1370541202862,7.0317,0,3,4,1,0.4941,0.8409,0.9994379747248477,7M2Z
GLU,4.1,41.01105250688471,-20.1086,2,3,4,3,1.7926,3.5283,0.9754966324496641,8I41
GLU,4.1,24.35188322080244,-0.3458,5,2,2,3,0.2572,0.2633,0.9875672647455576,8I41
HIS,6.0,18.898790052672823,-16.4825,0,0,2,0,1.5637,1.9603,0.557311633762293,1B2V
HIS,6.0,52.29389839604449,-3.3834,0,0,0,1,0.5934,0.6788,0.9843983377581704,1B2V
HIS,6.0,60.86714147004154,-4.4986,0,0,1,1,1.2965,1.4688,0.6661394245831224,1B2V
HIS,6.0,96.73162386905648,3.794,0,4,1,2,0.4636,0.6794,0.8336624691834381,4HHB
HIS,6.0,86.0568761432044,2.3978,0,2,1,2,0.0,0.0,0.8336624691834381,1HHO
HIS,6.0,55.88273858828061,-12.3932,0,3,0,2,0.5921,0.6329,0.3868631798468573,4HHB
HIS,6.0,63.61803241239314,-9.225,0,4,0,2,0.0067,0.0,0.7152527510491988,1HHO
HIS,6.0,85.31157691809949,-18.6442,1,2,1,3,0.0255,0.0288,0.6131368201531431,4HHB
HIS,6.0,87.291571480958,-16.3098,1,2,1,3,0.1379,0.2008,0.6661394245831224,1HHO
HIS,6.0,59.38840407180423,-3.3542,0,2,3,0,0.0918,0.0,0.557311633762293,4HHB
HIS,6.0,67.44444024798763,-19.4391,0,1,3,0,0.0184,0.0,0.6661394245831224,1HHO
HIS,6.0,60.24446982779374,-6.7114,0,2,2,0,0.5284,0.8274,0.28474724895080167,4HHB
HIS,6.0,65.81314109695356,-5.706,0,2,2,0,0.1123,0.1251,0.28474724895080167,1HHO
HIS,6.0,65.79548274160389,-1.1154,3,3,1,1,0.0,0.0,0.6131368201531431,4HHB
HIS,6.0,50.050041316939854,-4.4651,2,2,1,0,0.2141,0.2788,0.9843983377581704,1HHO
HIS,6.0,31.17422587815882,-14.4962,1,2,0,5,2.2058,3.2101,0.1663375308165621,4HHB
HIS,6.0,13.253752489291054,-7.4364,1,2,0,5,0.5946,0.6675,0.1663375308165621,1HHO
HIS,6.0,50.05900080936792,7.4298,0,2,0,1,0.0,0.0,0.9843983377581704,4HHB
HIS,6.0,78.06740656505477,0.1667,0,4,1,2,0.3791,0.3805,0.1663375308165621,4HHB
HIS,6.0,61.75060563822448,5.4776,1,2,2,2,1.0742,1.6993,0.7152527510491988,1HHO
HIS,6.0,2.128027572900958,-8.2764,2,4,2,2,1.4208,1.4084,0.9693465699682844,2RVQ
GLU,4.1,15.512600567454058,-3.2557,0,4,0,4,3.4411,6.0525,0.9992063022218308,2RVQ
ASP,3.9,44.0365395362811,-7.4134,1,1,1,5,2.5554,3.7397,0.9921193161496697,2RVQ
GLU,4.1,44.47364677388582,-12.8053,2,2,1,5,3.5179,4.3953,0.9990009990009991,2RVQ
HIS,6.0,43.22475649669386,-11.2753,1,4,0,6,0.1088,0.0,0.8881842302218831,2RVQ
ASP,3.9,42.24273151675056,9.4925,2,2,4,0,1.6885,2.6274,0.9999383443014734,3FX5
ASP,3.9,34.55893750992951,0.0145,3,3,5,0,3.6445,5.2543,0.9996980960015097,3FX5
ASP,3.9,57.35423804962147,9.2936,2,2,2,0,3.747,4.4879,0.9999610969990028,3FX5
ASP,3.9,39.64536575090115,9.076,2,2,4,0,1.2952,2.3459,0.9998222036761504,3FX5
ASP,3.9,36.30687026101904,3.7611,3,2,5,0,3.0708,4.3358,0.9997601742382912,3FX5
ASP,3.9,53.33664658178399,10.4542,2,2,2,0,4.1735,5.3524,0.9999610969990028,3FX5
CYS,8.3,0.8633360094597299,24.03,3,1,4,3,1.6592,3.0279,0.9664882894516288,4MA9
GLU,4.1,56.01955804444141,-5.2794,0,3,0,1,2.6732,3.0629,0.9992063022218308,1IGD
LYS,10.5,70.42195862830417,-0.2337,0,3,1,0,0.2308,0.2335,0.0005009361708135996,1IGD
ASP,3.9,56.94688193923667,16.0448,0,4,3,2,3.3415,4.846,0.9999683782233666,1IGD
GLU,4.1,78.20461877041349,1.7366,0,5,3,2,3.8217,6.0494,0.99936944051166,1IGD
GLU,4.1,50.4388035042834,2.0026,0,5,3,2,3.6034,6.428,0.9984176147191982,1IGD
ASP,3.9,67.77792963151333,-1.917,0,2,2,2,3.0805,4.8745,0.9996838722023703,1IGD
ASP,3.9,109.8512951654021,-4.8061,0,2,2,1,1.1606,1.2987,0.9990009990009991,1IGD
ASP,3.9,64.32201179200375,8.7028,0,2,2,2,2.6565,4.3984,0.9998415357956377,1IGD
ASP,3.9,79.0339256562267,14.1865,0,2,3,2,3.4597,5.3456,0.9999000099990001,1IGD
GLU,4.1,10.392711575774005,15.9775,0,2,1,1,2.9792,3.3306,0.99936944051166,1IGD
CYS,8.3,3.467793250453004,8.6683,1,2,1,2,0.6702,1.6722,0.9987426574886448,1MEK
GLU,4.1,9.96515470469698,8.6841,1,1,2,2,3.05,4.0652,0.0007936977781692444,2V8N
LYS,10.5,76.13532498839635,4.1748,1,2,1,2,0.0,0.0,0.00041669567580087047,2ZTA
GLU,4.1,55.03122501266306,-5.6539,2,4,2,5,3.5227,4.7881,0.9984176147191982,2ZTA
ASP,3.9,63.10796513145831,-4.5456,1,4,1,4,3.5893,4.6944,0.9998797880091984,2ZTA
LYS,10.5,49.98554445979614,-6.8893,1,4,1,7,0.1779,0.3644,0.000138019374483014,2ZTA
GLU,4.1,76.66501259583414,-2.768,0,4,1,5,2.9601,4.0093,0.9996533833343184,2ZTA
GLU,4.1,55.96837669167037,-1.8206,0,4,1,4,3.1872,4.6159,0.9995535158449952,2ZTA
LYS,10.5,53.67635444321463,-2.3292,0,3,1,3,0.393,0.8049,0.0006021967266640054,2ZTA
TYR,10.5,68.13047751928853,-0.32,0,3,0,3,0.3539,0.5266,0.0037874943114472454,2ZTA
HIS,6.0,72.39307634518765,-3.8717,1,3,0,6,0.2821,0.7748,0.9352934990460783,2ZTA
GLU,4.1,44.60090982092304,-4.0789,1,5,0,4,3.5633,5.5964,0.9990459185546853,2ZTA
GLU,4.1,27.61296778749695,11.2126,2,5,0,4,3.2096,5.0745,0.99936944051166,2ZTA
LYS,10.5,61.26013180561887,-7.0148,2,4,0,4,0.0471,0.1118,0.00019948642872153068,2ZTA
LYS,10.5,83.37430882901644,-0.9301,1,2,0,1,0.0,0.0,0.0005751089966521611,2ZTA
HIS,6.0,69.95959269410143,-4.2302,3,3,0,2,0.0,0.0,0.7801296039931588,1A93
GLU,4.1,71.36161256930448,4.3062,0,3,0,4,2.2229,2.9714,0.9994507609554469,1FMH
GLU,4.1,64.59301007318595,5.847,0,3,0,4,2.0654,3.2743,0.9994990638291863,1U2U
GLU,4.1,75.50815998395073,4.5197,1,3,0,4,1.7806,2.5198,0.9993397427796119,1FMH
GLU,4.1,62.78153076131159,4.7394,1,4,0,5,3.4735,5.2514,0.9973766321685426,1FMH
GLU,4.1,72.87659879595127,13.5597,1,3,0,5,2.5957,3.9426,0.9968476908167399,1U2U
GLU,4.1,41.65008077692234,8.5426,1,5,0,6,3.4546,5.6764,0.9986834787744208,1FMH
GLU,4.1,40.43952101094231,4.804,1,5,0,6,3.3735,4.3482,0.9969192250721745,1U2U
GLU,4.1,45.97872742940587,3.5736,2,4,0,5,2.8542,4.7965,0.9990676158507203,1FMH
GLU,4.1,59.90590637615564,2.875,2,3,0,5,2.2054,3.326,0.9989539667831926,1U2U
GLU,4.1,43.65921735331796,4.9413,3,4,0,6,3.4661,5.9074,0.9994874015079808,1FMH
GLU,4.1,45.131092656738126,3.1868,2,3,0,5,2.4051,3.469,0.9995104609464911,1U2U
GLU,4.1,37.31983239133723,-1.4814,2,2,0,6,3.2298,4.4749,0.9989777530658435,1FMH
GLU,4.1,74.09558566009278,-1.6427,2,3,0,5,1.8179,2.9948,0.9993547623713689,1U2U
GLU,4.1,50.406064019500754,0.5014,2,3,0,5,3.2634,4.8752,0.9973766321685426,1FMH
GLU,4.1,50.199709881899366,-1.6732,2,2,0,5,2.412,3.9434,0.9973156901095677,1U2U
GLU,4.1,35.96242141308734,0.1976,2,2,0,4,3.2293,4.9551,0.9982248772541902,1FMH
GLU,4.1,30.000127224784933,-2.7762,2,3,0,4,1.7192,2.6012,0.9978170142285467,1U2U
HIS,6.0,89.23831924860822,-3.1567,1,0,0,4,0.0,0.0,0.802909170153816,1U2U
GLU,4.1,72.93682813351484,-9.3592,1,2,0,4,1.7464,2.6382,0.9983046354895567,1FMH
GLU,4.1,112.63062270619996,-0.6443,1,2,0,3,0.0664,0.2076,0.9983046354895567,1U2U
HIS,6.0,88.45531145469423,-4.4702,3,1,2,0,0.0,0.0,0.6558205059123952,1LZ1
GLU,4.1,63.619160382008566,0.1141,3,1,1,3,3.8472,5.1891,0.9998005135712785,1QT8
GLU,4.1,16.559278985841885,-7.4794,4,1,3,2,1.8898,2.945,0.9980087108292718,1QT8
GLU,4.1,40.85248252481736,-8.4911,3,2,1,2,1.9635,2.6822,0.9992063022218308,1QT8
HIS,6.0,13.780355820115888,-21.9975,2,4,3,3,1.8299,1.9299,0.7992399910868984,1QT8
HIS,6.0,22.82706728936345,-26.4961,1,5,4,4,0.9524,1.1105,0.030653430031715508,1QT8
GLU,4.1,43.51159308247884,1.1499,1,3,1,1,4.4459,6.2231,0.9997488744367387,1QT8
ASP,3.9,30.741691949770967,4.4356,1,2,1,2,4.0691,6.8367,0.9999498837883978,1QT8
ASP,3.9,99.8760407700953,2.4954,3,2,1,2,3.5741,5.1968,0.9998415357956377,1QT8
GLU,4.1,23.98861076903746,-2.4698,2,4,3,2,5.1225,7.2327,0.9999683782233666,1QT8
GLU,4.1,59.81098085612258,-4.3723,2,2,3,4,3.9966,5.5313,0.9990009990009991,1QT8
ASP,3.9,82.29615143354347,-1.4622,2,1,2,2,3.4723,5.0936,0.9999205734855999,1QT8
ASP,3.9,51.93607423145373,7.9215,3,3,2,0,3.6781,6.4686,0.9996020512556952,1QT8
ASP,3.9,46.21878919570315,18.3268,3,2,2,0,1.9978,2.6246,0.9999800477749495,1QT8
LYS,10.5,1.6506475833310608,-23.2191,5,3,1,3,0.0,0.0,0.8881842302218831,1L54
GLU,4.1,40.49352398819148,16.9536,2,2,2,1,1.9609,2.777,0.99936944051166,1QT8
ASP,3.9,90.5097401420302,6.3183,4,3,1,1,2.8218,4.9108,0.9998741233057575,1QT8
GLU,4.1,63.3334168472723,2.2203,4,2,1,1,3.2797,5.5684,0.9990009990009991,1QT8
ASP,3.9,64.38773826092242,16.3308,3,2,2,1,6.0007,7.1839,0.9999000099990001,1QT8
HIS,6.0,23.34410570931908,-24.4503,2,4,5,4,0.914,1.0377,0.01956230387257955,2LZM
ASP,3.9,27.70728349836255,1.2015,4,1,2,4,3.7776,4.4626,0.9999998741074746,2LZM
GLU,4.1,55.00733754027968,8.3142,4,2,0,1,4.0715,5.2608,0.9999809457558915,135L
ASP,3.9,36.41057425337216,15.2974,2,2,1,0,3.5939,5.5682,0.9999809457558915,135L
GLU,4.1,15.5395076281809,-1.1181,2,1,1,1,2.4057,3.9797,0.9562891522643161,135L
ASP,3.9,27.32946798567176,2.5924,3,0,3,1,3.1104,3.3578,0.9997601742382912,135L
ASP,3.9,79.76853238886386,6.184,1,1,1,1,4.1557,5.368,0.9999946297108765,135L
ASP,3.9,71.50692295700377,8.3094,3,1,1,0,2.5195,3.591,0.9999108828487612,135L
HIS,6.0,32.78661002801479,0.9917,4,2,2,2,1.0639,1.0839,0.9940104944789321,6GST
HIS,6.0,95.14839093653704,-0.2802,4,2,0,3,0.0,0.0,0.676301669492737,6GST
HIS,6.0,38.67551530560876,-11.6332,2,2,4,2,0.5576,0.6346,0.2990226013898924,6GST
LYS,10.5,70.55646784628375,-2.211,1,3,0,4,0.0,0.0,0.09090909090909091,1MUT
HIS,6.0,51.7439502347657,-4.2595,0,1,2,3,0.9777,0.9683,0.8904506387229247,1A6K
HIS,6.0,51.7439502347657,-4.2595,0,1,2,3,0.9777,0.9683,0.9090909090909091,1A6K
HIS,6.0,51.7439502347657,-4.2595,0,1,2,3,0.9777,0.9683,0.9090909090909091,1A6K
HIS,6.0,76.22808768468438,1.2013,0,2,2,3,0.6801,1.3222,0.9264124438824266,1MBC
HIS,6.0,0.726048374768216,-16.3967,1,2,3,1,2.3217,3.1981,0.9406490568972323,1MBC
HIS,6.0,28.07975752952789,-10.0777,1,3,0,4,0.6806,1.4624,0.2082511624918155,1A6K
HIS,6.0,28.07975752952789,-10.0777,1,3,0,4,0.6806,1.4624,0.14233668144614325,1A6K
HIS,6.0,28.07975752952789,-10.0777,1,3,0,4,0.6806,1.4624,0.13680688860321027,1A6K
HIS,6.0,31.90658873091318,-8.7353,1,3,0,4,0.5158,1.5796,0.2007600089131019,1MBC
HIS,6.0,30.798231007332976,-10.9393,1,2,0,4,0.5542,0.5644,0.13680688860321027,1BVC
HIS,6.0,71.67325227591179,-0.1729,1,5,2,4,0.9567,1.3434,0.9860713716585464,1A6K
HIS,6.0,71.67325227591179,-0.1729,1,5,2,4,0.9567,1.3434,0.9875672647455576,1A6K
HIS,6.0,71.67325227591179,-0.1729,1,5,2,4,0.9567,1.3434,0.9875672647455576,1A6K
HIS,6.0,71.09148556664583,2.0269,1,5,2,3,0.487,1.5474,0.9921193161496697,1MBC
HIS,6.0,93.2786218598781,1.6726,1,3,2,2,0.0,0.0,0.9937299876585661,1BVC
HIS,6.0,87.10212766346699,-2.4465,0,3,1,3,0.7596,0.9758,0.7680520031675842,1A6K
HIS,6.0,87.10212766346699,-2.4465,0,3,1,3,0.7596,0.9758,0.8336624691834381,1A6K
HIS,6.0,87.10212766346699,-2.4465,0,3,1,3,0.7596,0.9758,0.8336624691834381,1A6K
HIS,6.0,87.80435517636293,-6.7814,0,3,1,3,0.052,0.1056,0.8631931113967901,1MBC
HIS,6.0,49.83093925241047,4.6894,1,5,1,1,0.9725,1.0157,0.9843983377581704,1MBC
HIS,6.0,46.42615233483857,-1.8467,2,2,1,3,0.0715,0.0403,0.9872813524037093,1A6K
HIS,6.0,46.42615233483857,-1.8467,2,2,1,3,0.0715,0.0403,0.9900990099009901,1A6K
HIS,6.0,52.61780627147831,0.2321,2,2,1,3,0.8929,1.2999,0.9900990099009901,1MBC
HIS,6.0,63.02790726704112,-6.3854,2,0,2,1,0.5718,0.4681,0.8336624691834381,1A6K
HIS,6.0,63.02790726704112,-6.3854,2,0,2,1,0.5718,0.4681,0.8631931113967901,1A6K
HIS,6.0,63.02790726704112,-6.3854,2,0,2,1,0.5718,0.4681,0.8631931113967901,1A6K
HIS,6.0,68.46996486439554,-6.0326,1,1,2,1,0.8615,1.1728,0.8881842302218831,1MBC
HIS,6.0,58.877651007298496,-6.1538,2,1,2,1,1.3576,1.4937,0.8631931113967901,1BVC
HIS,6.0,15.89718761457141,-2.1675,1,1,3,1,1.1197,1.6377,0.9324499710034239,1A6K
HIS,6.0,15.89718761457141,-2.1675,1,1,3,1,1.1197,1.6377,0.9522732789657962,1A6K
HIS,6.0,15.89718761457141,-2.1675,1,1,3,1,1.1197,1.6377,0.9522732789657962,1A6K
HIS,6.0,16.46806294097182,-2.6004,1,1,3,1,0.8423,0.7036,0.9843983377581704,1BVC
HIS,6.0,13.211176472635607,3.7394,1,1,3,1,1.7675,2.1508,0.9522732789657962,1MBC
TYR,10.5,29.7523299283306,9.4264,0,6,0,3,1.585,2.0531,0.0006305594883398946,1A6K
HIS,6.0,34.918577184276614,-11.5415,1,2,1,3,0.4205,0.9444,0.28474724895080167,1YMB
HIS,6.0,34.918577184276614,-11.5415,1,2,1,3,0.4205,0.9444,0.30876384758523717,1YMB
HIS,6.0,34.918577184276614,-11.5415,1,2,1,3,0.4205,0.9444,0.26636629758619285,1YMB
HIS,6.0,34.918577184276614,-11.5415,1,2,1,3,0.4205,0.9444,0.28474724895080167,1YMB
HIS,6.0,67.15887004446384,6.6073,0,6,2,4,0.0552,0.3316,0.9836750575334462,1YMB
HIS,6.0,67.15887004446384,6.6073,0,6,2,4,0.0552,0.3316,0.9875672647455576,1YMB
HIS,6.0,67.15887004446384,6.6073,0,6,2,4,0.0552,0.3316,0.9875672647455576,1YMB
HIS,6.0,67.15887004446384,6.6073,0,6,2,4,0.0552,0.3316,0.9921193161496697,1YMB
HIS,6.0,92.55399821301503,-1.8973,0,3,2,2,0.0,0.0,0.7425355589430698,1YMB
HIS,6.0,92.55399821301503,-1.8973,0,3,2,2,0.0,0.0,0.7761545753418307,1YMB
HIS,6.0,92.55399821301503,-1.8973,0,3,2,2,0.0,0.0,0.8336624691834381,1YMB
HIS,6.0,54.08668472988114,4.8281,1,1,1,3,0.4832,0.4864,0.9713339041975821,1YMB
HIS,6.0,54.08668472988114,4.8281,1,1,1,3,0.4832,0.4864,0.9776043775428295,1YMB
HIS,6.0,54.08668472988114,4.8281,1,1,1,3,0.4832,0.4864,0.9900990099009901,1YMB
HIS,6.0,45.14482022925399,1.0773,1,2,3,0,0.663,0.7613,0.802909170153816,1YMB
HIS,6.0,45.14482022925399,1.0773,1,2,3,0,0.663,0.7613,0.8271780169631398,1YMB
HIS,6.0,45.14482022925399,1.0773,1,2,3,0,0.663,0.7613,0.8336624691834381,1YMB
HIS,6.0,45.14482022925399,1.0773,1,2,3,0,0.663,0.7613,0.7992399910868984,1YMB
HIS,6.0,17.51759385515221,8.827,0,2,2,2,0.7714,0.786,0.8737104209450817,1YMB
HIS,6.0,17.51759385515221,8.827,0,2,2,2,0.7714,0.786,0.8858769425858496,1YMB
HIS,6.0,17.51759385515221,8.827,0,2,2,2,0.7714,0.786,0.9109760314653454,1YMB
HIS,6.0,17.51759385515221,8.827,0,2,2,2,0.7714,0.786,0.9406490568972323,1YMB
TYR,10.5,80.86181885504193,1.3598,1,0,0,0,0.0,0.0,0.004986878736687982,1ANS
TYR,10.5,18.82022997439672,-7.1833,1,1,0,1,0.0,0.0,0.0019912891707283232,1ANS
GLU,4.1,94.75816128180124,1.0149,0,1,0,1,0.0675,0.2187,0.9900990099009901,1ANS
LYS,10.5,42.02485825214693,-7.1171,1,2,0,0,0.0199,0.092,0.0003713972419378034,3FT7
TYR,10.5,51.36706333428464,5.5511,1,2,0,0,0.0,0.0,0.01787179537226176,3FT7
GLU,4.1,72.25501045904646,14.2653,2,2,3,2,1.2484,2.4628,0.9994754678181524,3FT7
HIS,6.0,17.24558398548635,-21.145,1,2,1,2,0.4247,0.4246,0.9975513019253107,3FT7
ASP,3.9,65.15161332381984,1.8956,1,2,1,2,3.5044,5.2751,0.999989767174789,3FT7
GLU,4.1,84.28842243880338,-3.486,1,2,3,3,3.0012,4.5716,0.9998486667803661,3FT7
LYS,10.5,91.881882994208,-0.903,1,2,2,2,0.0,0.0,0.00016593115302684637,3FT7
GLU,4.1,90.02362025593685,-1.7092,1,2,2,2,2.0034,2.7762,0.9984535785043999,3FT7
LYS,10.5,46.02472566297843,-2.3768,1,2,3,3,0.647,0.7297,0.0009323841492796822,3FT7
ASP,3.9,29.077841152181072,12.665,2,3,1,3,4.4324,6.4872,0.9999748817666265,3FT7
LYS,10.5,46.82708922255899,-6.9031,2,1,2,2,0.1846,0.6975,3.6306487268132894e-05,3FT7
GLU,4.1,49.3446535127902,-4.8873,2,2,4,2,2.9474,5.2075,0.9999855458112191,3FT7
ASP,3.9,47.75570966621272,-8.8589,2,1,2,3,2.6992,4.1863,0.9999855458112191,3FT7
HIS,6.0,27.95395702242793,-8.4358,1,3,4,5,0.0419,0.0191,0.7425355589430698,3FT7
ASP,3.9,69.04115857575779,1.9192,1,1,2,4,0.9777,1.3309,0.9999698013947792,3FT7
ASP,3.9,104.09637887852352,8.9005,2,1,1,1,3.0356,4.3506,0.9999601908677747,1BPI
GLU,4.1,31.227489687056547,-0.5942,2,2,1,1,1.8585,3.7996,0.9998005135712785,1BPI
LYS,10.5,94.75321430954344,-0.9903,2,1,0,0,0.0,0.0,0.0006305594883398946,1BPI
LYS,10.5,103.58491645176086,0.0342,0,1,0,0,0.7705,0.8119,0.0006305594883398946,1BPI
LYS,10.5,54.36084960151386,-1.8828,2,1,1,1,1.225,1.7611,0.00039794874430487643,1BPI
LYS,10.5,83.10392963128014,0.9877,2,2,1,0,0.3894,0.7554,0.0006305594883398946,1BPI
GLU,4.1,84.39883534362325,7.3339,2,1,1,1,3.4112,5.619,0.9997488744367387,1BPI
ASP,3.9,52.5850579898957,8.5533,3,1,1,1,4.6741,7.9954,0.9999000099990001,1BPI
CYS,8.3,15.696187126554086,4.34,0,3,2,2,0.4567,0.9626,0.999916830540624,1PPN
CYS,8.3,17.62397299176787,21.8438,1,4,1,3,0.3295,0.9754,0.9999698013947792,1PPO
GLU,4.1,34.23860578641491,7.8752,1,4,2,3,2.7906,4.0463,0.9992925550482871,1NLX
GLU,4.1,23.205633847223805,6.5008,1,4,2,3,4.5007,6.0106,0.9999383443014734,1NLX
GLU,4.1,80.44819393446231,-11.8964,3,2,2,3,4.3438,6.44,0.9997488744367387,1NLX
ASP,3.9,39.08048004092917,-8.0221,2,3,2,3,4.7043,6.8437,0.9998741233057575,1NLX
ASP,3.9,58.86506230429952,7.0834,0,3,2,3,2.8857,3.8607,0.9999045098606353,1NLX
GLU,4.1,46.22552931008884,3.8822,1,4,2,2,4.5299,7.6016,0.9972533362368368,1NLX
ASP,3.9,51.93256132794644,1.3491,1,3,2,3,5.0259,8.5947,0.9999900000999989,1NLX
ASP,3.9,13.328465987272182,-1.9376,1,3,2,3,4.1246,5.6637,0.9974944073327142,1NLX
GLU,4.1,7.981093164095969,-17.4119,2,3,2,5,3.4684,4.8838,0.9995431206445425,1NLX
ASP,3.9,34.792453906394485,0.9883,0,2,3,4,2.9486,5.1799,0.9998741233057575,1NLX
HIS,6.0,46.38182867900859,-20.8795,0,2,3,1,0.2706,0.6342,0.5,1NLX
GLU,4.1,84.96124771331776,-2.9864,0,3,3,2,1.9383,3.3724,0.9998681917018621,1NLX
ASP,3.9,60.099919388481794,-1.8103,0,3,3,2,3.0724,5.0589,0.999954293270239,1NLX
GLU,4.1,87.6238955479649,4.1761,1,3,3,4,3.0223,4.4666,0.9984535785043999,1NLX
HIS,6.0,11.115176894767677,-21.506,2,1,2,5,1.5952,2.8602,0.557311633762293,1NLX
GLU,4.1,12.193845515169029,6.3441,3,1,0,6,4.6965,6.4715,0.9993547623713689,1NLX
GLU,4.1,28.95009727207654,-2.2789,1,0,3,5,0.761,0.9715,0.9998222036761504,1NLX
HIS,6.0,51.792274569297525,-3.2843,1,1,2,6,0.6344,0.6457,0.8881842302218831,1NLX
HIS,6.0,40.78772623725031,6.0312,0,4,1,4,0.7886,1.1282,0.9617134961177454,1POH
HIS,6.0,18.35537954692168,-44.8469,2,5,4,2,0.4362,0.5221,0.3868631798468573,1GYM
HIS,6.0,33.99685553564355,-18.8498,3,5,4,1,0.0374,0.0011,0.7597469266479578,1GYM
HIS,6.0,62.12764968572628,9.8325,1,3,2,3,0.465,0.5444,0.9900990099009901,1GYM
HIS,6.0,13.298648816943675,-17.4498,2,0,3,2,1.7653,1.8474,0.7597469266479578,1GYM
LYS,10.5,26.03688709812292,-1.5712,3,1,6,3,0.0142,0.0752,0.012432735254442395,1FEZ
ASP,3.9,83.67856315810184,11.0357,2,1,3,1,2.6413,3.5731,0.9998976811709859,3WU2
ASP,3.9,94.54638138485356,24.4399,1,1,3,1,2.3425,3.1809,0.999954293270239,3WU2
ASP,3.9,67.32246521282971,17.5151,1,1,1,1,3.3244,4.42,0.9998825240467272,3WU2
GLU,4.1,46.084758120544585,-9.5213,2,4,1,9,2.8586,3.8484,0.9988264812094182,3WU2
GLU,4.1,87.3769782148876,-5.2549,1,4,0,7,2.5935,3.1211,0.9994115028774412,3WU2
GLU,4.1,52.1045466275974,5.8804,3,2,0,4,2.3682,3.2243,0.9999066832787434,3WU2
GLU,4.1,52.42917431439548,7.4634,2,1,1,4,2.4201,2.9027,0.9982652138840007,3WU2
ASP,3.9,59.30224379480449,12.9344,0,1,1,0,3.0457,4.4668,0.9999985545623186,3WU2
GLU,4.1,49.88810252490262,-2.4068,2,4,3,4,1.6095,2.4658,0.996124625506375,3WU2
GLU,4.1,61.910162190268,1.5997,2,2,4,5,2.5418,2.8637,0.9997430264740899,3WU2
ASP,3.9,36.837770142002384,7.7046,0,2,1,1,2.5317,2.8041,0.9969192250721745,3WU2
GLU,4.1,59.01809027167598,-3.007,0,3,0,4,3.2134,4.1348,0.9986834787744208,3WU2
ASP,3.9,29.64908720993103,5.1823,2,1,3,2,3.4878,4.8697,0.9998878107424115,3WU2
GLU,4.1,31.33322682739788,-6.0529,4,1,2,2,3.4699,5.5728,0.9999818033225389,3WU2
GLU,4.1,47.4077499382048,-1.5879,0,2,1,3,3.1067,3.4828,0.9996765110220517,3WU2
GLU,4.1,51.02971819844361,-4.7304,0,5,0,4,3.0685,3.4125,0.9946583682969876,3WU2
GLU,4.1,60.96200508555758,-0.3022,1,3,2,8,2.9255,3.3876,0.99936944051166,3WU2
GLU,4.1,61.7341094327106,1.441,3,1,2,3,1.8692,2.0212,0.9962984004553768,3WU2
HIS,6.0,0.0,-4.1896,1,0,1,0,1.131,1.2419,0.9999292104330791,3SSI
HIS,6.0,14.437047094701194,-6.9885,2,0,3,4,0.3706,0.4443,0.9617134961177454,3SSI
ASP,3.9,7.17883175146226,12.2431,2,1,2,0,3.8828,6.3423,0.903218404295181,2L6X
ASP,3.9,7.17883175146226,12.2431,2,1,2,0,3.8828,6.3423,0.9479085506726252,2L6X
ASP,3.9,7.17883175146226,12.2431,2,1,2,0,3.8828,6.3423,0.9833011506249288,2L6X
ASP,3.9,7.17883175146226,12.2431,2,1,2,0,3.8828,6.3423,0.9693465699682844,2L6X
ASP,3.9,7.17883175146226,12.2431,2,1,2,0,3.8828,6.3423,0.8576633185538569,2L6X
ASP,3.9,7.17883175146226,12.2431,2,1,2,0,3.8828,6.3423,0.8858769425858496,2L6X
ASP,3.9,7.17883175146226,12.2431,2,1,2,0,3.8828,6.3423,0.37599824138233295,2L6X
ASP,3.9,7.17883175146226,12.2431,2,1,2,0,3.8828,6.3423,0.802909170153816,2L6X
HIS,6.0,28.892298654091714,-24.7763,4,1,2,1,0.189,0.6142,0.10513721035591972,1DG9
HIS,6.0,28.892298654091714,-24.7763,4,1,2,1,0.189,0.6142,0.09881317087833247,1DG9
HIS,6.0,28.892298654091714,-24.7763,4,1,2,1,0.189,0.6142,0.11412305741415076,1DG9
HIS,6.0,10.39671983383044,-23.2204,4,1,3,1,2.6126,2.9488,0.015959271890602575,1DG9
HIS,6.0,10.39671983383044,-23.2204,4,1,3,1,2.6126,2.9488,0.015959271890602575,1DG9
CYS,8.3,2.539602264148374,11.6485,1,2,0,3,0.7496,1.266,0.038286503882254706,1ST9
CYS,8.3,0.8177268017509325,-13.6272,0,2,0,3,0.2792,0.3357,0.13680688860321027,1SU9
CYS,8.3,0.8177268017509325,-13.6272,0,2,0,3,0.2792,0.3357,0.13680688860321027,1SU9
CYS,8.3,0.4199301235113675,-0.1493,0,2,2,2,0.2847,0.4506,0.5,2H1B
CYS,8.3,0.8739265845947247,-3.0549,1,2,0,3,0.438,1.4634,0.09881317087833247,2H1A
CYS,8.3,0.8739265845947247,-3.0549,1,2,0,3,0.438,1.4634,0.11181576977811687,2H1A
ASP,3.9,31.93621749535317,5.3488,1,5,1,3,3.1222,4.6449,0.9996838722023703,1DE3
GLU,4.1,41.57006861364224,-2.8524,1,5,1,2,2.2994,3.5528,0.9984176147191982,1DE3
GLU,4.1,42.45674973734171,8.8215,1,2,1,2,3.9439,5.8208,0.9984176147191982,1DE3
HIS,6.0,50.98738417278901,-12.5571,0,2,1,1,0.0,0.0,0.9264124438824266,1DE3
HIS,6.0,72.36049261611922,-3.3412,0,3,2,1,0.0001,0.0,0.7992399910868984,1DE3
HIS,6.0,35.76694315424756,-1.1917,1,3,3,1,0.0,0.0,0.333860575416878,1DE3
ASP,3.9,72.57205662392894,4.3383,2,4,4,0,0.7758,1.2122,0.9992063022218308,1DE3
ASP,3.9,77.31686207967348,11.6504,2,3,5,0,1.2256,1.7482,0.9994990638291863,1DE3
ASP,3.9,59.23522264665091,19.7086,1,4,4,0,0.4828,0.8149,0.9996838722023703,1DE3
HIS,6.0,16.87207977360957,-26.0372,1,5,5,1,0.9286,0.8095,0.557311633762293,1DE3
ASP,3.9,50.28743142862863,-13.4575,0,4,4,1,1.5335,2.1386,0.9997488744367387,1DE3
HIS,6.0,37.655808505576665,-6.8846,1,5,5,0,0.8613,1.6195,0.7597469266479578,1DE3
GLU,4.1,1.5592593688045489,1.5516,1,3,1,2,2.7975,4.9158,0.9950131212633121,1DE3
HIS,6.0,49.99266839546448,3.2476,1,2,2,1,0.0154,0.0,0.8631931113967901,1DE3
ASP,3.9,93.93759593284496,18.1714,0,5,3,1,1.3461,2.5001,0.9998005135712785,1DE3
GLU,4.1,79.3200821440837,9.2449,1,4,2,1,0.4268,0.9875,0.9968476908167399,1DE3
HIS,6.0,7.199935081971677,1.2288,1,2,1,3,0.3423,0.6503,0.9754966324496641,1DE3
GLU,4.1,47.40552721090086,6.5445,2,5,1,3,2.1791,3.0285,0.9992063022218308,1DE3
GLU,4.1,97.41509547932438,5.9566,2,4,1,3,2.8873,4.4176,0.9992063022218308,1DE3
HIS,6.0,46.70397753160293,3.7082,0,1,0,1,0.0,0.0,0.3868631798468573,1DE3
ASP,3.9,101.5049464654841,-15.4304,1,0,3,3,2.0254,2.1702,0.999890364201712,1LNI
GLU,4.1,24.885599093060733,4.1833,3,0,2,1,4.2993,4.8958,0.9958486120307295,1LNI
ASP,3.9,78.5380849057745,-0.0542,2,0,4,1,5.3264,6.7728,0.9997911140293796,1LNI
ASP,3.9,105.53812804046984,-9.4763,0,0,4,1,1.7225,2.4641,0.9970574747809099,1LNI
TYR,10.5,31.754882355818097,-1.1623,4,0,1,2,1.597,2.656,0.00012587669424250317,1LNI
ASP,3.9,0.4487020162274504,11.9972,3,0,3,1,3.2367,5.8627,0.9999902277232888,1LNI
GLU,4.1,61.688531387761344,8.2234,3,0,3,2,2.9689,4.5932,0.9994507609554469,1LNI
TYR,10.5,79.11330302666444,0.8415,2,0,0,1,0.7813,1.0537,0.0006305594883398946,1LNI
HIS,6.0,39.6196289378772,-7.241,0,0,3,3,1.2371,1.8336,0.11886221644630193,1LNI
GLU,4.1,12.66396859354312,11.4385,4,0,2,3,4.0041,4.7597,0.9998952981088288,1LNI
GLU,4.1,79.16748624161525,-11.6004,0,0,2,3,1.1414,1.6472,0.9998825240467272,1LNI
GLU,4.1,14.855985054881868,-10.1417,0,0,2,2,2.7805,3.864,0.9999462997042395,1LNI
ASP,3.9,11.970506288498708,-4.8634,1,0,2,3,2.7093,3.0766,0.5172625244323764,1LNI
ASP,3.9,43.45070191613833,11.0798,3,0,1,2,3.1818,4.8479,0.9999592636317388,1LNI
HIS,6.0,62.5075500307622,1.8141,4,0,1,2,1.3509,1.5353,0.9181681752448481,1LNI
ASP,3.9,47.51464648068748,6.2233,0,0,2,1,4.3717,6.1474,0.9999510245167786,1LNI
GLU,4.1,38.480447880260925,5.0686,2,3,0,2,2.0904,3.1933,0.9999776132897904,7RSA
GLU,4.1,38.480447880260925,5.0686,2,3,0,2,2.0904,3.1933,0.9999748817666265,7RSA
GLU,4.1,38.480447880260925,5.0686,2,3,0,2,2.0904,3.1933,0.9999800477749495,7RSA
GLU,4.1,52.56127166529517,7.515,2,2,2,3,2.9986,4.3383,0.9996020512556952,7RSA
GLU,4.1,52.56127166529517,7.515,2,2,2,3,2.9986,4.3383,0.9996020512556952,7RSA
GLU,4.1,52.56127166529517,7.515,2,2,2,3,2.9986,4.3383,0.9996020512556952,7RSA
HIS,6.0,9.00362396593595,-19.4094,4,3,3,3,2.9873,3.6907,0.9543232189603377,7RSA
HIS,6.0,9.00362396593595,-19.4094,4,3,3,3,2.9873,3.6907,0.9590873001033207,7RSA
HIS,6.0,9.00362396593595,-19.4094,4,3,3,3,2.9873,3.6907,0.9406490568972323,7RSA
HIS,6.0,9.00362396593595,-19.4094,4,3,3,3,2.9873,3.6907,0.9617134961177454,7RSA
ASP,3.9,84.87198346947736,11.3672,3,6,1,1,1.2191,1.9696,0.9999748817666265,7RSA
ASP,3.9,84.87198346947736,11.3672,3,6,1,1,1.2191,1.9696,0.9998741233057575,7RSA
ASP,3.9,84.87198346947736,11.3672,3,6,1,1,1.2191,1.9696,0.9999949881527824,7RSA
HIS,6.0,0.0440432183843964,-37.6131,2,1,3,2,4.6299,5.1717,0.9617134961177454,7RSA
GLU,4.1,30.813658840486173,-0.3652,1,1,2,2,2.028,3.1081,0.9987426574886448,7RSA
GLU,4.1,30.813658840486173,-0.3652,1,1,2,2,2.028,3.1081,0.9980087108292718,7RSA
GLU,4.1,30.813658840486173,-0.3652,1,1,2,2,2.028,3.1081,0.9992063022218308,7RSA
ASP,3.9,72.64557972222735,-2.634,0,2,2,2,3.9779,6.0177,0.9997488744367387,7RSA
ASP,3.9,72.64557972222735,-2.634,0,2,2,2,3.9779,6.0177,0.9996838722023703,7RSA
ASP,3.9,72.64557972222735,-2.634,0,2,2,2,3.9779,6.0177,0.9998005135712785,7RSA
ASP,3.9,21.329891107354577,13.6644,1,4,3,1,3.7215,4.9192,0.9999000099990001,7RSA
ASP,3.9,21.329891107354577,13.6644,1,4,3,1,3.7215,4.9192,0.9998741233057575,7RSA
ASP,3.9,21.329891107354577,13.6644,1,4,3,1,3.7215,4.9192,0.9999205734855999,7RSA
GLU,4.1,30.93973947006876,5.6292,2,4,1,1,3.2214,5.0094,0.9995535158449952,7RSA
GLU,4.1,30.93973947006876,5.6292,2,4,1,1,3.2214,5.0094,0.9994990638291863,7RSA
GLU,4.1,30.93973947006876,5.6292,2,4,1,1,3.2214,5.0094,0.9996020512556952,7RSA
HIS,6.0,34.862553739731936,-12.5997,0,2,1,1,0.8067,0.652,0.8430219644140362,7RSA
HIS,6.0,34.862553739731936,-12.5997,0,2,1,1,0.8067,0.652,0.7917488375081845,7RSA
HIS,6.0,34.862553739731936,-12.5997,0,2,1,1,0.8067,0.652,0.8336624691834381,7RSA
HIS,6.0,34.862553739731936,-12.5997,0,2,1,1,0.8067,0.652,0.8881842302218831,7RSA
GLU,4.1,65.48997632785729,5.3006,0,1,1,1,1.6547,2.7216,0.9998741233057575,7RSA
GLU,4.1,65.48997632785729,5.3006,0,1,1,1,1.6547,2.7216,0.9998741233057575,7RSA
GLU,4.1,65.48997632785729,5.3006,0,1,1,1,1.6547,2.7216,0.9998741233057575,7RSA
HIS,6.0,56.90951254192237,-1.6964,1,3,1,2,0.7635,1.3423,0.9248272212397116,7RSA
HIS,6.0,56.90951254192237,-1.6964,1,3,1,2,0.7635,1.3423,0.9215623250569782,7RSA
HIS,6.0,56.90951254192237,-1.6964,1,3,1,2,0.7635,1.3423,0.9522732789657962,7RSA
HIS,6.0,56.90951254192237,-1.6964,1,3,1,2,0.7635,1.3423,0.8881842302218831,7RSA
ASP,3.9,7.7114171522720625,5.4659,1,5,2,1,2.7182,3.8826,0.9999553336359582,7RSA
ASP,3.9,7.7114171522720625,5.4659,1,5,2,1,2.7182,3.8826,0.9999498837883978,7RSA
ASP,3.9,7.7114171522720625,5.4659,1,5,2,1,2.7182,3.8826,0.9999601908677747,7RSA
ASP,3.9,88.70184456962636,9.4818,0,7,1,1,2.3036,3.1329,0.9999610969990028,1DIV
GLU,4.1,51.11765099969012,10.3695,0,8,1,4,2.6134,3.4325,0.999852111035564,1DIV
ASP,3.9,86.19764542537058,8.63,0,3,1,1,2.0508,2.4708,0.9999553336359582,1DIV
GLU,4.1,55.26098255520494,14.9808,0,5,1,2,1.601,2.2231,0.9995636746306916,1DIV
GLU,4.1,52.39626434835586,5.8209,1,5,0,3,3.7264,5.0751,0.9993547623713689,1DIV
GLU,4.1,37.60676523442083,5.405,1,4,0,4,3.0452,4.4999,0.9993547623713689,1DIV
GLU,4.1,69.5656963509033,-2.5797,1,4,1,3,2.2534,2.8011,0.9993837849532564,1AZP
GLU,4.1,66.31984006983656,-3.7325,1,5,1,3,1.189,1.6927,0.9989777530658435,1AZP
GLU,4.1,47.006126463491135,4.3079,1,5,4,3,2.2736,3.495,0.9996020512556952,1AZP
ASP,3.9,36.4463086341358,15.4834,1,5,3,2,5.673,7.7049,0.999969098000638,1AZP
ASP,3.9,39.96299118557199,6.2842,1,6,3,1,4.3369,5.1201,0.9998952981088288,1AZP
ASP,3.9,50.32257739706571,-4.9582,1,6,3,3,3.3316,3.9386,0.9999475220080593,1AZP
GLU,4.1,42.63048101361116,3.3856,1,4,2,3,2.9272,3.6174,0.9993547623713689,1AZP
ASP,3.9,64.65581489759022,1.3196,1,7,2,3,3.7812,4.6265,0.9998587661953429,1AZP
GLU,4.1,46.909621311011634,7.7151,3,5,3,2,2.4656,3.818,0.999865121906295,1AZP
ASP,3.9,48.80330891061169,0.2587,3,3,1,4,5.1799,6.3315,0.9999108828487612,1AZP
GLU,4.1,61.25079032331884,-3.8039,3,4,1,2,2.6199,4.1129,0.999611106152269,1AZP
GLU,4.1,73.43888374173527,3.4483,3,4,1,2,3.08,3.9771,0.9993243738039769,1AZP
GLU,4.1,53.38615703896959,2.2569,4,2,1,3,1.572,2.458,0.9999369082463725,2CI2
GLU,4.1,48.4276782888424,8.2816,1,3,1,4,1.6522,2.4454,0.9999205734855999,2CI2
GLU,4.1,71.99158910775587,7.9082,0,3,1,2,3.2847,4.8076,0.99936944051166,2CI2
GLU,4.1,65.27199283428354,-1.7492,0,3,2,3,3.4651,5.5021,0.9997488744367387,2CI2
ASP,3.9,30.904787743708123,-1.5665,1,4,2,4,1.6624,2.6972,0.9999205734855999,2CI2
GLU,4.1,60.43999604871463,3.2353,2,4,2,1,2.1141,3.453,0.9996838722023703,2CI2
GLU,4.1,59.640786930146646,3.0443,4,0,1,1,1.046,1.5227,0.9998741233057575,2CI2
ASP,3.9,31.754481209968898,19.2279,4,2,2,3,1.6797,2.7206,0.9997488744367387,2CI2
ASP,3.9,47.570961208108415,12.9576,0,2,2,2,3.8667,4.8273,0.9999748817666265,2CI2
ASP,3.9,74.65915831294775,-15.3963,1,3,2,3,2.8324,3.7585,0.9960347143808477,2CI2
CYS,8.3,0.3297305120788461,-0.2328,2,2,2,4,0.6075,0.7945,0.7597469266479578,1AO6
HIS,6.0,76.62032874082398,-4.1338,1,4,1,3,0.0,0.0,0.8835282880564395,1STN
HIS,6.0,76.62032874082398,-4.1338,1,4,1,3,0.0,0.0,0.7917488375081845,1STN
HIS,6.0,81.45891120303325,-3.4921,1,3,1,3,0.0751,0.2244,0.8811377835536983,1EY7
HIS,6.0,77.99648595312469,-6.9109,1,4,1,2,0.014,0.0705,0.9431684791599029,2QDB
HIS,6.0,86.39781775486075,-2.5586,1,2,1,2,0.0,0.0,0.9264124438824266,2RDF
HIS,6.0,81.45170648702057,-0.1774,1,3,1,3,0.0724,0.1771,0.8881842302218831,3D6C
GLU,4.1,15.16209572406389,1.0889,1,3,2,3,1.0831,1.6117,0.9999736980118938,3BDC
GLU,4.1,18.16760603163928,2.7626,1,3,2,3,0.9671,1.3715,0.9999498837883978,2RKS
GLU,4.1,13.966301189701886,4.4983,1,3,2,3,1.2262,1.7759,0.9999498837883978,3D6C
ASP,3.9,24.52686047827627,-0.2467,2,4,3,4,4.4896,6.2887,0.9999935434993963,3BDC
GLU,4.1,4.0598851410707,-9.5405,2,6,3,5,3.976,5.8694,0.9987426574886448,5E1F
ASP,3.9,8.434951417220875,0.2136,2,5,4,4,5.9774,7.2025,0.8787049512118517,3BDC
ASP,3.9,23.40311333678427,20.8072,2,7,4,4,3.5286,4.7596,0.8881842302218831,2RKS
ASP,3.9,6.401466857018595,4.626,2,7,4,5,5.213,6.5118,0.8631931113967901,3D6C
ASP,3.9,6.808934017322691,5.2079,2,4,4,3,2.8927,3.2449,0.7992399910868984,4KY5
GLU,4.1,0.0,7.2965,2,4,3,3,3.4365,3.706,0.6661394245831224,3QOL
LYS,10.5,0.0,-3.1815,2,7,3,5,0.881,0.9554,0.557311633762293,3QOJ
GLU,4.1,0.029845609173595,11.5575,2,5,2,5,3.4461,4.2588,0.4426883662377074,3EVQ
GLU,4.1,0.0791839101317924,-5.3777,3,3,5,5,3.3162,4.585,0.04772672103420402,3TP8
LYS,10.5,0.0,-15.4297,2,7,3,6,0.8199,1.096,0.6131368201531431,3EJI
GLU,4.1,0.0449358566593334,-11.8792,4,4,4,5,2.3249,3.4747,0.7152527510491988,5ISR
GLU,4.1,0.0449358566593334,-11.8792,4,4,4,5,2.3249,3.4747,0.7992399910868984,5ISR
LYS,10.5,2.560186218231055,-27.6094,2,5,2,4,0.4456,0.6699,0.000999000999000999,2RKS
ASP,3.9,0.0,-18.258,4,1,6,4,3.1818,3.793,0.1663375308165621,3SK5
ASP,3.9,46.526325301536986,-2.5966,4,2,4,4,2.9295,3.8061,0.9997049661479959,3BDC
ASP,3.9,69.04943762785733,4.5652,4,4,4,5,2.8628,4.3722,0.9997488744367387,2RKS
ASP,3.9,37.88539543648979,-1.6036,4,3,4,5,2.8658,4.3334,0.9996838722023703,3D6C
GLU,4.1,73.84876788495201,-10.8036,2,2,3,3,2.4901,3.7932,0.9991689274849066,3BDC
GLU,4.1,45.95860863277376,-5.0082,2,5,3,3,3.5124,5.1344,0.9987426574886448,2RKS
GLU,4.1,28.15827672543894,-5.8034,2,5,3,3,2.6434,4.5735,0.9990009990009991,3D6C
HIS,6.0,24.089950397799733,21.393,2,4,3,2,0.8011,1.1187,0.9719681328483034,1STN
HIS,6.0,24.089950397799733,21.393,2,4,3,2,0.8011,1.1187,0.9754966324496641,1STN
HIS,6.0,58.28462748404518,16.2891,2,4,3,2,0.0,0.0,0.8904506387229247,1EY7
GLU,4.1,60.34897216709122,-2.3475,0,2,3,3,2.6726,3.8816,0.9996612706203316,3BDC
GLU,4.1,29.915907396388143,1.7697,0,5,2,3,2.4024,3.577,0.9994990638291863,2RKS
GLU,4.1,43.08131973782153,-0.7134,0,5,3,3,2.5412,3.9421,0.9996020512556952,3D6C
GLU,4.1,60.66346397930997,0.929,0,3,3,3,2.5637,3.4708,0.9998769882566693,3BDC
GLU,4.1,62.1291730043808,7.4064,0,4,3,3,2.8157,4.9979,0.9998415357956377,2RKS
GLU,4.1,61.79361851069963,6.1311,0,3,3,3,2.5672,4.0115,0.9998415357956377,3D6C
ASP,3.9,0.4688307019003083,-9.1392,2,5,4,3,3.4262,5.4771,0.038286503882254706,5IIF
GLU,4.1,0.3211890308009835,-5.1458,2,5,3,4,3.3164,5.5004,0.333860575416878,6EEG
LYS,10.5,0.1140694162941679,-10.1874,2,6,3,5,1.8827,2.5038,0.1663375308165621,3DMU
ASP,3.9,1.490615479129248,-8.3442,0,7,4,3,2.2768,4.5772,0.04772672103420402,2OXP
GLU,4.1,0.6659937908928637,-7.3484,0,7,3,4,2.0614,3.8229,0.07358755611757359,5EGT
LYS,10.5,0.0,-5.2212,1,8,3,4,1.1645,1.3709,0.9843983377581704,3HZX
GLU,4.1,42.88386234357608,-0.7269,0,7,2,2,2.1621,3.8336,0.9997709657034494,3BDC
GLU,4.1,48.25195083325874,-2.5135,0,7,2,2,1.725,3.5204,0.9996838722023703,2RKS
GLU,4.1,43.29375217670165,-0.6071,0,7,2,2,2.3485,4.1553,0.9997488744367387,3D6C
ASP,3.9,4.6391287937970365,-11.9956,0,9,2,4,2.4951,3.5477,0.333860575416878,4EQP
LYS,10.5,24.02710750573512,-23.6837,0,8,1,3,1.2145,2.9928,0.05935094310276769,2RBM
GLU,4.1,17.96561815548147,-1.8344,0,6,1,3,3.044,4.1247,0.9999187235547812,3BDC
GLU,4.1,34.69579636015647,-3.5264,0,6,2,3,2.4373,2.9884,0.9999205734855999,2RKS
GLU,4.1,37.49663266559577,-5.7434,0,6,1,4,3.2023,3.7463,0.9999000099990001,3D6C
ASP,3.9,0.1346824717354865,-17.6823,2,5,3,3,3.0409,3.6065,0.11181576977811687,4KY7
LYS,10.5,2.461791586201955,-7.9876,3,5,1,3,0.6965,0.9307,0.5,3RUZ
GLU,4.1,7.546720711007837,-1.1032,2,5,1,4,2.2349,2.7526,0.9999275616516868,3BDC
GLU,4.1,9.149942229064086,-0.6862,2,5,1,5,2.4775,2.988,0.9999205734855999,3D6C
ASP,3.9,0.0,-10.8043,3,4,4,5,2.623,3.7402,0.4426883662377074,5J1Z
ASP,3.9,1.4644038951480487,-26.122,3,4,4,5,2.2444,2.6232,0.8631931113967901,5JAV
GLU,4.1,1.701074502758364,-7.003,3,4,3,6,2.268,2.885,0.6661394245831224,3D4D
GLU,4.1,2.624267732479059,-12.0278,2,5,4,6,2.7158,3.238,0.02450336755033601,5KIX
ASP,3.9,47.485502000707214,8.2089,0,5,1,3,3.6868,4.6947,0.9999942456337395,3BDC
ASP,3.9,48.69914695788265,9.0898,0,5,1,3,3.908,4.826,0.9999949881527824,2RKS
ASP,3.9,38.80100988484653,8.6221,0,5,1,3,3.6591,4.3662,0.999992056780748,3D6C
GLU,4.1,0.0960336739921597,2.3803,2,6,4,6,3.6349,4.9525,0.09090909090909091,3TP7
LYS,10.5,0.2333419555976398,-4.3156,1,8,3,4,1.4587,2.3429,0.8881842302218831,4HMI
ASP,3.9,0.0,-0.8375,3,4,5,5,2.5966,3.9595,0.7992399910868984,5DEH
GLU,4.1,40.838143826871736,7.0318,3,4,2,4,2.5629,4.0295,0.9997430264740899,3BDC
GLU,4.1,37.53931299400383,11.4166,3,5,2,4,2.9224,4.2573,0.9996838722023703,2RKS
GLU,4.1,42.1202071717235,2.3967,3,4,2,5,2.6419,4.6286,0.9996838722023703,3D6C
LYS,10.5,0.0343793011595753,,2,6,3,5,1.5722,2.0361,0.13680688860321027,3E5S
ASP,3.9,0.0,-4.2475,3,6,3,5,3.8709,6.4884,0.004986878736687982,3P75
GLU,4.1,0.0,-10.8206,3,6,2,6,4.1511,5.9829,0.009900990099009901,3H6M
GLU,4.1,2.545598186929544,-10.9486,3,3,3,6,1.8541,2.6611,0.2402530733520421,4YIJ
ASP,3.9,8.339170542657554,-8.1983,2,2,3,2,3.109,3.9296,0.7152527510491988,5KGU
HIS,6.0,25.52818105171583,-1.4308,1,5,1,3,1.5482,1.7326,0.9921193161496697,1STN
HIS,6.0,25.405318862319305,-3.7151,1,4,1,3,1.1302,1.1631,0.9929703085603608,1EY7
HIS,6.0,24.645801377476182,1.9744,1,5,1,2,1.4142,1.1954,0.9995736023736926,2QDB
HIS,6.0,25.96496539700226,3.0569,1,4,1,2,2.6131,2.7693,0.9993086473282712,2RDF
HIS,6.0,21.868437145059605,-13.1207,1,4,1,4,1.7038,1.646,0.9804376961274206,3D6C
GLU,4.1,25.330886577122637,6.5298,1,4,2,4,3.7797,5.9672,0.9996910659265044,3BDC
GLU,4.1,33.946273921988926,27.8149,1,5,2,4,2.9632,4.4619,0.9996838722023703,2RKS
GLU,4.1,27.896250840331653,-24.5883,1,4,2,5,3.3903,4.8178,0.9996838722023703,3D6C
HIS,6.0,61.6334467036599,-0.8123,2,3,0,4,0.8562,0.9524,0.9790678994786605,1STN
HIS,6.0,61.6334467036599,-0.8123,2,3,0,4,0.8562,0.9524,0.9625523674635553,1STN
HIS,6.0,56.61069147755785,-1.7925,2,3,0,4,0.8538,1.1059,0.979991148859336,1EY7
HIS,6.0,59.10862063616153,-1.5554,2,3,0,3,0.3367,0.5368,0.979991148859336,2QDB
HIS,6.0,60.03686920651901,-3.7012,2,3,1,3,0.5395,0.5858,0.9829188284532066,2RDF
LYS,10.5,0.0,-8.5178,3,7,3,5,0.6952,1.2157,0.9406490568972323,3C1E
GLU,4.1,16.006647425141928,11.3537,2,5,1,4,3.4959,5.2624,0.9997761779936489,3BDC
GLU,4.1,18.73982119268437,10.0104,2,6,1,4,4.0159,5.7928,0.9997488744367387,2RKS
GLU,4.1,15.950664864066502,8.1444,2,5,1,5,3.4777,4.5959,0.9997488744367387,3D6C
GLU,4.1,40.24317844004614,1.9564,2,4,0,2,2.4907,4.202,0.9997709657034494,3BDC
GLU,4.1,41.2280770732316,2.6884,1,4,0,2,3.0215,4.5145,0.9996838722023703,2RKS
GLU,4.1,39.89438339931612,1.4301,2,4,0,2,2.8792,4.5301,0.9997488744367387,3D6C
HIS,6.0,78.64497172478525,-3.6023,0,2,6,1,0.0014,0.0,0.9406490568972323,2TRX
ASP,3.9,37.34283421373238,-0.9236,0,5,3,2,2.7694,3.076,0.9997488744367387,2TRX
ASP,3.9,1.6363453295159118,7.7704,0,4,3,1,3.1926,3.9149,0.4426883662377074,2TRX
CYS,8.3,4.782131291755124,7.496,1,3,2,1,0.3938,1.5602,0.9198816569709808,2FD3
CYS,8.3,3.3348563996909304,7.3396,1,3,2,1,1.0051,2.1626,0.6661394245831224,2TRX
CYS,8.3,0.0382592575096746,-0.3295,1,3,2,1,0.625,1.783,0.0031523091832602115,2TRX
GLU,4.1,53.57735351455011,-1.9537,0,2,5,3,0.9062,0.9214,0.9968476908167399,1ERU
GLU,4.1,85.315923776751,0.9752,0,3,1,2,3.4604,4.817,0.9990009990009991,1ERU
ASP,3.9,94.72692412713536,-5.4582,0,5,2,1,3.3505,4.4465,0.99936944051166,1ERU
ASP,3.9,101.33623048755216,7.854,0,3,2,1,1.166,1.3754,0.9997488744367387,1ERU
ASP,3.9,0.5091586235581217,-9.108,0,5,3,3,3.467,4.9606,0.1663375308165621,1ERU
GLU,4.1,52.2858391647368,0.9822,0,4,0,2,3.427,4.1157,0.9992063022218308,1ERU
ASP,3.9,71.12965810736898,3.0126,0,1,4,3,2.5899,3.4034,0.9999369082463725,1ERU
GLU,4.1,60.04658985034037,-7.2576,0,3,1,3,2.2055,3.6905,0.9950131212633121,1ERU
GLU,4.1,77.93907249878306,-2.3287,0,3,1,3,2.2891,4.5388,0.9974944073327142,1ERU
GLU,4.1,35.91438496944678,-2.1109,0,4,1,4,1.8641,2.2271,0.9998415357956377,1ERU
GLU,4.1,96.70647153775631,7.9474,0,3,0,3,3.1421,4.5614,0.9994990638291863,1ERU
GLU,4.1,29.12095262979428,12.7574,0,3,0,4,3.4291,5.6137,0.9996838722023703,1ERU
GLU,4.1,80.85809506152049,-8.4663,0,2,0,4,2.4982,2.8598,0.9987426574886448,1ERU
CYS,8.3,12.645749212961594,6.6159,2,0,2,0,0.74,1.5567,0.9937299876585661,2PPT
CYS,8.3,13.529030687754288,15.1341,2,0,1,2,1.4475,2.8548,0.6131368201531431,1O73
ASP,3.9,113.73296122187736,9.368,2,1,1,1,1.7432,2.4325,0.9999601908677747,4PTI
GLU,4.1,33.54596010665695,0.7569,2,2,1,1,1.7593,2.9089,0.9998005135712785,4PTI
TYR,10.5,42.01546112395167,4.06,2,2,0,1,0.0,0.0,0.000999000999000999,4PTI
LYS,10.5,96.08137903407614,-0.6194,1,1,0,0,0.0,0.0,0.0006305594883398946,4PTI
TYR,10.5,34.04330064530065,1.7467,1,1,1,1,0.0,0.0,0.00019948642872153068,4PTI
TYR,10.5,3.8940342871577207,6.9145,2,1,2,2,1.3647,1.616,5.011621160218207e-05,4PTI
LYS,10.5,101.50454879807128,-0.174,0,1,0,1,0.0,0.0,0.0006305594883398946,4PTI
TYR,10.5,8.21113202605146,18.8037,4,3,0,1,1.6277,1.88,0.00019948642872153068,4PTI
LYS,10.5,56.33946960426126,-1.9825,2,1,1,1,0.0,0.0,0.00039794874430487643,4PTI
LYS,10.5,84.2309744125659,0.9393,2,2,1,0,0.0,0.0,0.0006305594883398946,4PTI
GLU,4.1,84.98289235873831,3.1022,2,1,1,1,2.8865,3.7099,0.9997488744367387,4PTI
ASP,3.9,56.29631256633984,8.072,3,1,1,1,3.758,5.0467,0.9999000099990001,4PTI
CYS,8.3,0.0,-5.0141,1,2,2,2,0.4791,0.5016,0.00031612779762961766,1I7K
GLU,4.1,98.61926217304018,4.4283,0,4,2,3,2.4455,3.3023,0.9996838722023703,1UBQ
ASP,3.9,28.804759716005503,8.8406,1,2,3,4,2.7909,3.3527,0.9999498837883978,1UBQ
GLU,4.1,86.32524024279802,5.1882,3,2,5,3,3.0726,4.5274,0.9992063022218308,1UBQ
ASP,3.9,99.1312986576997,-0.7864,0,3,2,3,2.4694,3.9129,0.9997488744367387,1UBQ
GLU,4.1,24.84357452900482,5.304,0,5,1,1,1.4075,2.5835,0.9987426574886448,1UBQ
ASP,3.9,69.53392956495846,6.0467,3,1,2,2,2.2082,2.6914,0.9998415357956377,1UBQ
GLU,4.1,82.05904447603022,5.5749,3,2,4,2,1.5906,2.2386,0.9997488744367387,1UBQ
ASP,3.9,57.07177747306871,14.0163,3,3,4,2,2.1265,2.8637,0.9999000099990001,1UBQ
ASP,3.9,48.32456728139425,1.5685,1,1,3,3,5.2743,7.6105,0.9998415357956377,1UBQ
GLU,4.1,60.488036318980754,5.0109,0,2,0,3,2.019,3.2675,0.9987426574886448,1UBQ
CYS,8.3,41.5270385574979,-2.9093,2,1,4,0,0.2357,0.2874,0.00019948642872153068,1JBB
CYS,8.3,23.130049663163497,2.01,2,0,2,0,0.0497,0.0,0.0015823852808017238,1JAS
TYR,10.5,16.433729594950282,20.8722,1,3,0,4,0.2435,0.3634,0.8304449113532373,1KVR
TYR,10.5,16.59515878698094,18.2483,1,3,0,4,0.2096,0.2784,0.7761545753418307,1KVT
TYR,10.5,17.164112097674632,17.5991,2,3,0,4,0.1939,0.267,0.9294909043747703,1KVS
ASP,3.9,105.9851276102382,0.8201,1,1,2,1,2.5319,2.7429,0.9999563503221535,1VII
GLU,4.1,101.8124156284207,-5.2135,1,1,2,1,3.5404,4.1264,0.9996453124586552,1VII
ASP,3.9,69.24321227738479,-10.8171,1,2,2,1,4.167,5.0531,0.999890364201712,1VII
GLU,4.1,72.79350747565692,-7.8288,0,4,0,1,1.9384,2.7715,0.9990676158507203,1VII
ASP,3.9,93.84564606471749,1.0309,1,1,2,1,1.2951,1.8785,0.9997246529665365,1QH7
HIS,6.0,38.56301445569276,21.6407,1,1,2,1,3.1392,3.887,0.8835282880564395,1QH7
ASP,3.9,59.98060494159827,8.377,1,2,2,1,3.701,5.1573,0.9996533833343184,1QH7
ASP,3.9,23.29535294926005,14.6312,1,3,2,2,4.2485,5.6281,0.9999108828487612,1QH7
GLU,4.1,9.633273490139048,10.5674,1,4,2,3,3.9576,4.7524,0.9991878296406883,1QH7
ASP,3.9,45.96393352816914,9.0962,2,1,2,2,2.4361,3.3645,0.9998851978189043,1QH7
HIS,6.0,84.9246177214738,3.2093,0,1,1,0,0.7582,1.0325,0.8399506946347537,1QH7
GLU,4.1,34.28292365250538,1.0609,0,4,1,2,3.2894,5.6848,0.9985894549032847,1QH7
HIS,6.0,1.6349406334373435,-4.392,2,1,0,2,2.0737,2.5628,0.9995927856133058,1QH7
ASP,3.9,99.27087780330282,2.0656,0,3,1,4,1.8305,3.07,0.9996980960015097,1QH7
GLU,4.1,10.93926145346953,-4.2277,2,3,1,4,3.9789,4.72,0.9996533833343184,1QH7
GLU,4.1,18.21554264209499,1.5721,1,2,1,3,2.7989,3.0469,0.998713407900003,1QH7
GLU,4.1,34.81571565132081,-3.3586,1,1,0,2,3.731,6.5055,0.9998486667803661,1QH7
GLU,4.1,0.2400267820316562,26.2602,1,5,1,4,3.6418,4.9871,0.9994990638291863,1QH7
GLU,4.1,1.043451874730205,3.4393,2,2,2,3,3.1701,3.4955,0.8881842302218831,1QH7
ASP,3.9,64.79445985381615,5.9581,1,1,1,0,3.0708,4.2489,0.9999601908677747,1XNB
ASP,3.9,41.37567306187936,3.9217,2,0,2,1,4.206,5.0283,0.9999874109043695,1XNB
GLU,4.1,11.326072365825016,-7.3245,2,0,1,2,3.1694,4.084,0.9984176147191982,1XNB
GLU,4.1,10.678475229982222,-11.2883,2,0,1,2,2.6919,3.3117,0.99936944051166,1HV1
GLU,4.1,12.538187876908951,-1.9442,2,0,1,2,3.3602,4.4943,0.9960347143808477,1HV0
ASP,3.9,15.723004641516594,22.8246,2,3,2,0,3.1266,3.7896,0.9999800477749495,1XNB
ASP,3.9,57.782554754988666,-0.0733,2,0,2,1,2.21,3.2426,0.9999369082463725,1XNB
ASP,3.9,107.48211356037784,1.604,3,0,3,0,0.7538,0.7952,0.9998415357956377,1XNB
GLU,4.1,13.430314540994662,3.0399,1,1,2,2,2.8774,3.6372,0.6131368201531431,1XNB
GLU,4.1,13.430314540994662,3.0399,1,1,2,2,2.8774,3.6372,0.8336624691834381,1XNB
GLU,4.1,13.05119278442572,5.6481,1,1,2,2,2.7973,3.5865,0.557311633762293,1HV1
GLU,4.1,17.938513060750797,1.7211,1,1,2,2,3.2547,4.0745,0.2402530733520421,1HV0
