Residue,Chain,ResNum,pKa,Side_SASA,Total_SASA,Accessible,Deprotonated,Accessibility_Score,Warhead,Reactivity_Score_Protonated,Reactivity_Score_Deprotonated,Reactivity_Score,Combined_Score,Binary_Accessible,Binary_Reactivity_Protonated,Binary_Reactivity_Deprotonated,Binary_Orbital_Protonated,Binary_Orbital_Deprotonated,Binary_HSAB,Binary_Score_Protonated,Binary_Score_Deprotonated,Binary_Score_With_HSAB_Protonated,Binary_Score_With_HSAB_Deprotonated,Binary_Reactivity,Binary_Orbital,Binary_Score,Binary_Score_With_HSAB
SER,A,4,-1,69.9,56.4,TRUE,n/a,1,Aldehyde,0.504334608,0.714172568,0.714172568,0.714172568,1,0,1,1,1,1,0,1,0,1,1,1,1,1
SER,A,21,-1,102.4,102.7,TRUE,n/a,1,Aldehyde,0.504334608,0.714172568,0.714172568,0.714172568,1,0,1,1,1,1,0,1,0,1,1,1,1,1
SER,A,86,-1,22.6,14.3,TRUE,n/a,1,Aldehyde,0.504334608,0.714172568,0.714172568,0.714172568,1,0,1,1,1,1,0,1,0,1,1,1,1,1
SER,A,103,-1,67.5,51.3,TRUE,n/a,1,Aldehyde,0.504334608,0.714172568,0.714172568,0.714172568,1,0,1,1,1,1,0,1,0,1,1,1,1,1
SER,A,111,-1,55.6,56.3,TRUE,n/a,1,Aldehyde,0.504334608,0.714172568,0.714172568,0.714172568,1,0,1,1,1,1,0,1,0,1,1,1,1,1
SER,A,144,-1,38.7,32.7,TRUE,n/a,1,Aldehyde,0.504334608,0.714172568,0.714172568,0.714172568,1,0,1,1,1,1,0,1,0,1,1,1,1,1
SER,A,150,-1,80.1,65.5,TRUE,n/a,1,Aldehyde,0.504334608,0.714172568,0.714172568,0.714172568,1,0,1,1,1,1,0,1,0,1,1,1,1,1
SER,A,157,-1,56.2,50,TRUE,n/a,1,Aldehyde,0.504334608,0.714172568,0.714172568,0.714172568,1,0,1,1,1,1,0,1,0,1,1,1,1,1
SER,B,4,-1,63.5,55.2,TRUE,n/a,1,Aldehyde,0.504334608,0.714172568,0.714172568,0.714172568,1,0,1,1,1,1,0,1,0,1,1,1,1,1
SER,B,21,-1,97.1,101.6,TRUE,n/a,1,Aldehyde,0.504334608,0.714172568,0.714172568,0.714172568,1,0,1,1,1,1,0,1,0,1,1,1,1,1
SER,B,47,-1,15.4,16.5,TRUE,n/a,1,Aldehyde,0.504334608,0.714172568,0.714172568,0.714172568,1,0,1,1,1,1,0,1,0,1,1,1,1,1
SER,B,86,-1,22.5,14.3,TRUE,n/a,1,Aldehyde,0.504334608,0.714172568,0.714172568,0.714172568,1,0,1,1,1,1,0,1,0,1,1,1,1,1
SER,B,103,-1,66.9,50,TRUE,n/a,1,Aldehyde,0.504334608,0.714172568,0.714172568,0.714172568,1,0,1,1,1,1,0,1,0,1,1,1,1,1
SER,B,111,-1,56.8,56.7,TRUE,n/a,1,Aldehyde,0.504334608,0.714172568,0.714172568,0.714172568,1,0,1,1,1,1,0,1,0,1,1,1,1,1
SER,B,144,-1,34,29,TRUE,n/a,1,Aldehyde,0.504334608,0.714172568,0.714172568,0.714172568,1,0,1,1,1,1,0,1,0,1,1,1,1,1
SER,B,150,-1,79,68,TRUE,n/a,1,Aldehyde,0.504334608,0.714172568,0.714172568,0.714172568,1,0,1,1,1,1,0,1,0,1,1,1,1,1
SER,B,157,-1,73.6,60,TRUE,n/a,1,Aldehyde,0.504334608,0.714172568,0.714172568,0.714172568,1,0,1,1,1,1,0,1,0,1,1,1,1,1
THR,A,42,-1,30.8,44.4,TRUE,n/a,1,Aldehyde,0.512570964,0.71385042,0.71385042,0.71385042,1,0,1,1,1,1,0,1,0,1,1,1,1,1
THR,A,58,-1,42.7,30.4,TRUE,n/a,1,Aldehyde,0.512570964,0.71385042,0.71385042,0.71385042,1,0,1,1,1,1,0,1,0,1,1,1,1,1
THR,A,72,-1,17.8,12.9,TRUE,n/a,1,Aldehyde,0.512570964,0.71385042,0.71385042,0.71385042,1,0,1,1,1,1,0,1,0,1,1,1,1,1
THR,A,109,-1,52.6,37.7,TRUE,n/a,1,Aldehyde,0.512570964,0.71385042,0.71385042,0.71385042,1,0,1,1,1,1,0,1,0,1,1,1,1,1
THR,A,114,-1,42,32.2,TRUE,n/a,1,Aldehyde,0.512570964,0.71385042,0.71385042,0.71385042,1,0,1,1,1,1,0,1,0,1,1,1,1,1
THR,A,159,-1,44.1,32.8,TRUE,n/a,1,Aldehyde,0.512570964,0.71385042,0.71385042,0.71385042,1,0,1,1,1,1,0,1,0,1,1,1,1,1
THR,B,42,-1,41.4,49.6,TRUE,n/a,1,Aldehyde,0.512570964,0.71385042,0.71385042,0.71385042,1,0,1,1,1,1,0,1,0,1,1,1,1,1
THR,B,58,-1,38.9,27.4,TRUE,n/a,1,Aldehyde,0.512570964,0.71385042,0.71385042,0.71385042,1,0,1,1,1,1,0,1,0,1,1,1,1,1
THR,B,72,-1,20.5,14.8,TRUE,n/a,1,Aldehyde,0.512570964,0.71385042,0.71385042,0.71385042,1,0,1,1,1,1,0,1,0,1,1,1,1,1
THR,B,109,-1,50.5,36.2,TRUE,n/a,1,Aldehyde,0.512570964,0.71385042,0.71385042,0.71385042,1,0,1,1,1,1,0,1,0,1,1,1,1,1
THR,B,114,-1,41.4,31.8,TRUE,n/a,1,Aldehyde,0.512570964,0.71385042,0.71385042,0.71385042,1,0,1,1,1,1,0,1,0,1,1,1,1,1
THR,B,159,-1,59.9,43.9,TRUE,n/a,1,Aldehyde,0.512570964,0.71385042,0.71385042,0.71385042,1,0,1,1,1,1,0,1,0,1,1,1,1,1
TYR,A,18,10.17,78.7,70.5,TRUE,TRUE,1,Aldehyde,0.5855483920000001,0.71387016,0.71387016,0.71387016,1,1,1,1,1,0,1,1,0,0,1,1,1,0
TYR,A,105,10.41,53.3,47.5,TRUE,TRUE,1,Aldehyde,0.5855483920000001,0.71387016,0.71387016,0.71387016,1,1,1,1,1,0,1,1,0,0,1,1,1,0
TYR,A,154,10.18,55.6,56.9,TRUE,TRUE,1,Aldehyde,0.5855483920000001,0.71387016,0.71387016,0.71387016,1,1,1,1,1,0,1,1,0,0,1,1,1,0
TYR,A,179,10.92,20.4,16.7,TRUE,TRUE,1,Aldehyde,0.5855483920000001,0.71387016,0.71387016,0.71387016,1,1,1,1,1,0,1,1,0,0,1,1,1,0
TYR,B,18,10.17,79.1,70.5,TRUE,TRUE,1,Aldehyde,0.5855483920000001,0.71387016,0.71387016,0.71387016,1,1,1,1,1,0,1,1,0,0,1,1,1,0
TYR,B,61,14.28,15.3,12.5,TRUE,FALSE,1,Aldehyde,0.5855483920000001,0.71387016,0.71387016,0.71387016,1,1,1,1,1,0,1,1,0,0,1,1,1,0
TYR,B,105,10.05,53.8,47.5,TRUE,TRUE,1,Aldehyde,0.5855483920000001,0.71387016,0.71387016,0.71387016,1,1,1,1,1,0,1,1,0,0,1,1,1,0
TYR,B,154,10.18,54.6,55.1,TRUE,TRUE,1,Aldehyde,0.5855483920000001,0.71387016,0.71387016,0.71387016,1,1,1,1,1,0,1,1,0,0,1,1,1,0
TYR,B,179,10.3,17.7,14.6,TRUE,TRUE,1,Aldehyde,0.5855483920000001,0.71387016,0.71387016,0.71387016,1,1,1,1,1,0,1,1,0,0,1,1,1,0
CYS,A,25,,,,,,,,,,,,,,,,,,,,,,,,0,
