Residue,Chain,ResNum,pKa,Side_SASA,Total_SASA,Accessible,Deprotonated,Accessibility_Score,Warhead,Reactivity_Score_Protonated,Reactivity_Score_Deprotonated,Reactivity_Score,Combined_Score,Binary_Accessible,Binary_Reactivity_Protonated,Binary_Reactivity_Deprotonated,Binary_Orbital,Binary_HSAB,Binary_Score_Protonated,Binary_Score_Deprotonated,Binary_Reactivity,Binary_Score
SER,A,38,-1,50.5,47.4,TRUE,n/a,1,Activated ester,0.542527048,0.736950032,0.736950032,0.736950032,1,0,1,1,1,0,1,1,1
SER,A,49,-1,15.3,9.7,TRUE,n/a,1,Activated ester,0.542527048,0.736950032,0.736950032,0.736950032,1,0,1,1,1,0,1,1,1
SER,A,110,-1,27.4,17.6,TRUE,n/a,1,Activated ester,0.542527048,0.736950032,0.736950032,0.736950032,1,0,1,1,1,0,1,1,1
SER,A,119,-1,28.4,26.5,TRUE,n/a,1,Activated ester,0.542527048,0.736950032,0.736950032,0.736950032,1,0,1,1,1,0,1,1,1
SER,A,143,-1,42,40.6,TRUE,n/a,1,Activated ester,0.542527048,0.736950032,0.736950032,0.736950032,1,0,1,1,1,0,1,1,1
SER,A,146,-1,26.5,16.9,TRUE,n/a,1,Activated ester,0.542527048,0.736950032,0.736950032,0.736950032,1,0,1,1,1,0,1,1,1
SER,A,403,-1,48,33.6,TRUE,n/a,1,Activated ester,0.542527048,0.736950032,0.736950032,0.736950032,1,0,1,1,1,0,1,1,1
SER,A,412,-1,65.6,42,TRUE,n/a,1,Activated ester,0.542527048,0.736950032,0.736950032,0.736950032,1,0,1,1,1,0,1,1,1
SER,A,471,-1,44.5,51,TRUE,n/a,1,Activated ester,0.542527048,0.736950032,0.736950032,0.736950032,1,0,1,1,1,0,1,1,1
SER,A,477,-1,32.1,23.3,TRUE,n/a,1,Activated ester,0.542527048,0.736950032,0.736950032,0.736950032,1,0,1,1,1,0,1,1,1
SER,A,496,-1,68.8,59.9,TRUE,n/a,1,Activated ester,0.542527048,0.736950032,0.736950032,0.736950032,1,0,1,1,1,0,1,1,1
SER,A,530,-1,21.4,15,TRUE,n/a,1,Activated ester,0.542527048,0.736950032,0.736950032,0.736950032,1,0,1,1,1,0,1,1,1
SER,A,548,-1,17.9,19.9,TRUE,n/a,1,Activated ester,0.542527048,0.736950032,0.736950032,0.736950032,1,0,1,1,1,0,1,1,1
SER,A,563,-1,28.4,19,TRUE,n/a,1,Activated ester,0.542527048,0.736950032,0.736950032,0.736950032,1,0,1,1,1,0,1,1,1
SER,A,566,-1,38.2,25.4,TRUE,n/a,1,Activated ester,0.542527048,0.736950032,0.736950032,0.736950032,1,0,1,1,1,0,1,1,1
SER,A,579,-1,20.7,13.5,TRUE,n/a,1,Activated ester,0.542527048,0.736950032,0.736950032,0.736950032,1,0,1,1,1,0,1,1,1
SER,B,38,-1,46.6,44.5,TRUE,n/a,1,Activated ester,0.542527048,0.736950032,0.736950032,0.736950032,1,0,1,1,1,0,1,1,1
SER,B,110,-1,28.2,18.2,TRUE,n/a,1,Activated ester,0.542527048,0.736950032,0.736950032,0.736950032,1,0,1,1,1,0,1,1,1
SER,B,119,-1,28.1,26.5,TRUE,n/a,1,Activated ester,0.542527048,0.736950032,0.736950032,0.736950032,1,0,1,1,1,0,1,1,1
SER,B,143,-1,42.4,40.4,TRUE,n/a,1,Activated ester,0.542527048,0.736950032,0.736950032,0.736950032,1,0,1,1,1,0,1,1,1
SER,B,146,-1,26.3,16.8,TRUE,n/a,1,Activated ester,0.542527048,0.736950032,0.736950032,0.736950032,1,0,1,1,1,0,1,1,1
SER,B,403,-1,48,33.9,TRUE,n/a,1,Activated ester,0.542527048,0.736950032,0.736950032,0.736950032,1,0,1,1,1,0,1,1,1
SER,B,412,-1,70.6,45.3,TRUE,n/a,1,Activated ester,0.542527048,0.736950032,0.736950032,0.736950032,1,0,1,1,1,0,1,1,1
SER,B,471,-1,43.5,50,TRUE,n/a,1,Activated ester,0.542527048,0.736950032,0.736950032,0.736950032,1,0,1,1,1,0,1,1,1
SER,B,477,-1,32.1,23.3,TRUE,n/a,1,Activated ester,0.542527048,0.736950032,0.736950032,0.736950032,1,0,1,1,1,0,1,1,1
SER,B,496,-1,71.3,60.2,TRUE,n/a,1,Activated ester,0.542527048,0.736950032,0.736950032,0.736950032,1,0,1,1,1,0,1,1,1
SER,B,530,-1,21.3,15,TRUE,n/a,1,Activated ester,0.542527048,0.736950032,0.736950032,0.736950032,1,0,1,1,1,0,1,1,1
SER,B,548,-1,16.4,18.7,TRUE,n/a,1,Activated ester,0.542527048,0.736950032,0.736950032,0.736950032,1,0,1,1,1,0,1,1,1
SER,B,563,-1,30.2,19.9,TRUE,n/a,1,Activated ester,0.542527048,0.736950032,0.736950032,0.736950032,1,0,1,1,1,0,1,1,1
SER,B,566,-1,45.1,31.2,TRUE,n/a,1,Activated ester,0.542527048,0.736950032,0.736950032,0.736950032,1,0,1,1,1,0,1,1,1
SER,B,579,-1,42.9,28.6,TRUE,n/a,1,Activated ester,0.542527048,0.736950032,0.736950032,0.736950032,1,0,1,1,1,0,1,1,1
SER,C,38,-1,48,46.2,TRUE,n/a,1,Activated ester,0.542527048,0.736950032,0.736950032,0.736950032,1,0,1,1,1,0,1,1,1
SER,C,49,-1,17,10.8,TRUE,n/a,1,Activated ester,0.542527048,0.736950032,0.736950032,0.736950032,1,0,1,1,1,0,1,1,1
SER,C,110,-1,27.9,17.8,TRUE,n/a,1,Activated ester,0.542527048,0.736950032,0.736950032,0.736950032,1,0,1,1,1,0,1,1,1
SER,C,119,-1,31.6,28.2,TRUE,n/a,1,Activated ester,0.542527048,0.736950032,0.736950032,0.736950032,1,0,1,1,1,0,1,1,1
SER,C,143,-1,43.9,40.8,TRUE,n/a,1,Activated ester,0.542527048,0.736950032,0.736950032,0.736950032,1,0,1,1,1,0,1,1,1
SER,C,146,-1,26.6,17,TRUE,n/a,1,Activated ester,0.542527048,0.736950032,0.736950032,0.736950032,1,0,1,1,1,0,1,1,1
SER,C,403,-1,48.7,34.3,TRUE,n/a,1,Activated ester,0.542527048,0.736950032,0.736950032,0.736950032,1,0,1,1,1,0,1,1,1
SER,C,412,-1,64.4,41.2,TRUE,n/a,1,Activated ester,0.542527048,0.736950032,0.736950032,0.736950032,1,0,1,1,1,0,1,1,1
SER,C,471,-1,42.7,50.1,TRUE,n/a,1,Activated ester,0.542527048,0.736950032,0.736950032,0.736950032,1,0,1,1,1,0,1,1,1
SER,C,477,-1,28.7,21.1,TRUE,n/a,1,Activated ester,0.542527048,0.736950032,0.736950032,0.736950032,1,0,1,1,1,0,1,1,1
SER,C,496,-1,70.5,60.3,TRUE,n/a,1,Activated ester,0.542527048,0.736950032,0.736950032,0.736950032,1,0,1,1,1,0,1,1,1
SER,C,530,-1,22.1,15.2,TRUE,n/a,1,Activated ester,0.542527048,0.736950032,0.736950032,0.736950032,1,0,1,1,1,0,1,1,1
SER,C,563,-1,32.6,21.7,TRUE,n/a,1,Activated ester,0.542527048,0.736950032,0.736950032,0.736950032,1,0,1,1,1,0,1,1,1
SER,C,566,-1,46.7,32.4,TRUE,n/a,1,Activated ester,0.542527048,0.736950032,0.736950032,0.736950032,1,0,1,1,1,0,1,1,1
SER,C,579,-1,44.2,29.5,TRUE,n/a,1,Activated ester,0.542527048,0.736950032,0.736950032,0.736950032,1,0,1,1,1,0,1,1,1
SER,D,38,-1,47.1,45.6,TRUE,n/a,1,Activated ester,0.542527048,0.736950032,0.736950032,0.736950032,1,0,1,1,1,0,1,1,1
SER,D,49,-1,15.2,9.6,TRUE,n/a,1,Activated ester,0.542527048,0.736950032,0.736950032,0.736950032,1,0,1,1,1,0,1,1,1
SER,D,110,-1,28.1,18,TRUE,n/a,1,Activated ester,0.542527048,0.736950032,0.736950032,0.736950032,1,0,1,1,1,0,1,1,1
SER,D,119,-1,29.8,27.4,TRUE,n/a,1,Activated ester,0.542527048,0.736950032,0.736950032,0.736950032,1,0,1,1,1,0,1,1,1
SER,D,143,-1,42.1,40.9,TRUE,n/a,1,Activated ester,0.542527048,0.736950032,0.736950032,0.736950032,1,0,1,1,1,0,1,1,1
SER,D,146,-1,26.5,16.9,TRUE,n/a,1,Activated ester,0.542527048,0.736950032,0.736950032,0.736950032,1,0,1,1,1,0,1,1,1
SER,D,403,-1,49.5,35,TRUE,n/a,1,Activated ester,0.542527048,0.736950032,0.736950032,0.736950032,1,0,1,1,1,0,1,1,1
SER,D,412,-1,71.4,45.6,TRUE,n/a,1,Activated ester,0.542527048,0.736950032,0.736950032,0.736950032,1,0,1,1,1,0,1,1,1
SER,D,471,-1,43,49.7,TRUE,n/a,1,Activated ester,0.542527048,0.736950032,0.736950032,0.736950032,1,0,1,1,1,0,1,1,1
SER,D,477,-1,28.7,20.9,TRUE,n/a,1,Activated ester,0.542527048,0.736950032,0.736950032,0.736950032,1,0,1,1,1,0,1,1,1
SER,D,496,-1,69.8,60.2,TRUE,n/a,1,Activated ester,0.542527048,0.736950032,0.736950032,0.736950032,1,0,1,1,1,0,1,1,1
SER,D,530,-1,21,14.7,TRUE,n/a,1,Activated ester,0.542527048,0.736950032,0.736950032,0.736950032,1,0,1,1,1,0,1,1,1
SER,D,548,-1,15.9,18.1,TRUE,n/a,1,Activated ester,0.542527048,0.736950032,0.736950032,0.736950032,1,0,1,1,1,0,1,1,1
SER,D,563,-1,30.6,20.3,TRUE,n/a,1,Activated ester,0.542527048,0.736950032,0.736950032,0.736950032,1,0,1,1,1,0,1,1,1
SER,D,566,-1,46,31.5,TRUE,n/a,1,Activated ester,0.542527048,0.736950032,0.736950032,0.736950032,1,0,1,1,1,0,1,1,1
SER,D,579,-1,43.7,29,TRUE,n/a,1,Activated ester,0.542527048,0.736950032,0.736950032,0.736950032,1,0,1,1,1,0,1,1,1
SER,A,38,-1,50.5,47.4,TRUE,n/a,1,Phenyl ester,0.5350319880000001,0.734040428,0.734040428,0.734040428,1,0,1,1,1,0,1,1,1
SER,A,49,-1,15.3,9.7,TRUE,n/a,1,Phenyl ester,0.5350319880000001,0.734040428,0.734040428,0.734040428,1,0,1,1,1,0,1,1,1
SER,A,110,-1,27.4,17.6,TRUE,n/a,1,Phenyl ester,0.5350319880000001,0.734040428,0.734040428,0.734040428,1,0,1,1,1,0,1,1,1
SER,A,119,-1,28.4,26.5,TRUE,n/a,1,Phenyl ester,0.5350319880000001,0.734040428,0.734040428,0.734040428,1,0,1,1,1,0,1,1,1
SER,A,143,-1,42,40.6,TRUE,n/a,1,Phenyl ester,0.5350319880000001,0.734040428,0.734040428,0.734040428,1,0,1,1,1,0,1,1,1
SER,A,146,-1,26.5,16.9,TRUE,n/a,1,Phenyl ester,0.5350319880000001,0.734040428,0.734040428,0.734040428,1,0,1,1,1,0,1,1,1
SER,A,403,-1,48,33.6,TRUE,n/a,1,Phenyl ester,0.5350319880000001,0.734040428,0.734040428,0.734040428,1,0,1,1,1,0,1,1,1
SER,A,412,-1,65.6,42,TRUE,n/a,1,Phenyl ester,0.5350319880000001,0.734040428,0.734040428,0.734040428,1,0,1,1,1,0,1,1,1
SER,A,471,-1,44.5,51,TRUE,n/a,1,Phenyl ester,0.5350319880000001,0.734040428,0.734040428,0.734040428,1,0,1,1,1,0,1,1,1
SER,A,477,-1,32.1,23.3,TRUE,n/a,1,Phenyl ester,0.5350319880000001,0.734040428,0.734040428,0.734040428,1,0,1,1,1,0,1,1,1
SER,A,496,-1,68.8,59.9,TRUE,n/a,1,Phenyl ester,0.5350319880000001,0.734040428,0.734040428,0.734040428,1,0,1,1,1,0,1,1,1
SER,A,530,-1,21.4,15,TRUE,n/a,1,Phenyl ester,0.5350319880000001,0.734040428,0.734040428,0.734040428,1,0,1,1,1,0,1,1,1
SER,A,548,-1,17.9,19.9,TRUE,n/a,1,Phenyl ester,0.5350319880000001,0.734040428,0.734040428,0.734040428,1,0,1,1,1,0,1,1,1
SER,A,563,-1,28.4,19,TRUE,n/a,1,Phenyl ester,0.5350319880000001,0.734040428,0.734040428,0.734040428,1,0,1,1,1,0,1,1,1
SER,A,566,-1,38.2,25.4,TRUE,n/a,1,Phenyl ester,0.5350319880000001,0.734040428,0.734040428,0.734040428,1,0,1,1,1,0,1,1,1
SER,A,579,-1,20.7,13.5,TRUE,n/a,1,Phenyl ester,0.5350319880000001,0.734040428,0.734040428,0.734040428,1,0,1,1,1,0,1,1,1
SER,B,38,-1,46.6,44.5,TRUE,n/a,1,Phenyl ester,0.5350319880000001,0.734040428,0.734040428,0.734040428,1,0,1,1,1,0,1,1,1
SER,B,110,-1,28.2,18.2,TRUE,n/a,1,Phenyl ester,0.5350319880000001,0.734040428,0.734040428,0.734040428,1,0,1,1,1,0,1,1,1
SER,B,119,-1,28.1,26.5,TRUE,n/a,1,Phenyl ester,0.5350319880000001,0.734040428,0.734040428,0.734040428,1,0,1,1,1,0,1,1,1
SER,B,143,-1,42.4,40.4,TRUE,n/a,1,Phenyl ester,0.5350319880000001,0.734040428,0.734040428,0.734040428,1,0,1,1,1,0,1,1,1
SER,B,146,-1,26.3,16.8,TRUE,n/a,1,Phenyl ester,0.5350319880000001,0.734040428,0.734040428,0.734040428,1,0,1,1,1,0,1,1,1
SER,B,403,-1,48,33.9,TRUE,n/a,1,Phenyl ester,0.5350319880000001,0.734040428,0.734040428,0.734040428,1,0,1,1,1,0,1,1,1
SER,B,412,-1,70.6,45.3,TRUE,n/a,1,Phenyl ester,0.5350319880000001,0.734040428,0.734040428,0.734040428,1,0,1,1,1,0,1,1,1
SER,B,471,-1,43.5,50,TRUE,n/a,1,Phenyl ester,0.5350319880000001,0.734040428,0.734040428,0.734040428,1,0,1,1,1,0,1,1,1
SER,B,477,-1,32.1,23.3,TRUE,n/a,1,Phenyl ester,0.5350319880000001,0.734040428,0.734040428,0.734040428,1,0,1,1,1,0,1,1,1
SER,B,496,-1,71.3,60.2,TRUE,n/a,1,Phenyl ester,0.5350319880000001,0.734040428,0.734040428,0.734040428,1,0,1,1,1,0,1,1,1
SER,B,530,-1,21.3,15,TRUE,n/a,1,Phenyl ester,0.5350319880000001,0.734040428,0.734040428,0.734040428,1,0,1,1,1,0,1,1,1
SER,B,548,-1,16.4,18.7,TRUE,n/a,1,Phenyl ester,0.5350319880000001,0.734040428,0.734040428,0.734040428,1,0,1,1,1,0,1,1,1
SER,B,563,-1,30.2,19.9,TRUE,n/a,1,Phenyl ester,0.5350319880000001,0.734040428,0.734040428,0.734040428,1,0,1,1,1,0,1,1,1
SER,B,566,-1,45.1,31.2,TRUE,n/a,1,Phenyl ester,0.5350319880000001,0.734040428,0.734040428,0.734040428,1,0,1,1,1,0,1,1,1
SER,B,579,-1,42.9,28.6,TRUE,n/a,1,Phenyl ester,0.5350319880000001,0.734040428,0.734040428,0.734040428,1,0,1,1,1,0,1,1,1
SER,C,38,-1,48,46.2,TRUE,n/a,1,Phenyl ester,0.5350319880000001,0.734040428,0.734040428,0.734040428,1,0,1,1,1,0,1,1,1
SER,C,49,-1,17,10.8,TRUE,n/a,1,Phenyl ester,0.5350319880000001,0.734040428,0.734040428,0.734040428,1,0,1,1,1,0,1,1,1
SER,C,110,-1,27.9,17.8,TRUE,n/a,1,Phenyl ester,0.5350319880000001,0.734040428,0.734040428,0.734040428,1,0,1,1,1,0,1,1,1
SER,C,119,-1,31.6,28.2,TRUE,n/a,1,Phenyl ester,0.5350319880000001,0.734040428,0.734040428,0.734040428,1,0,1,1,1,0,1,1,1
SER,C,143,-1,43.9,40.8,TRUE,n/a,1,Phenyl ester,0.5350319880000001,0.734040428,0.734040428,0.734040428,1,0,1,1,1,0,1,1,1
SER,C,146,-1,26.6,17,TRUE,n/a,1,Phenyl ester,0.5350319880000001,0.734040428,0.734040428,0.734040428,1,0,1,1,1,0,1,1,1
SER,C,403,-1,48.7,34.3,TRUE,n/a,1,Phenyl ester,0.5350319880000001,0.734040428,0.734040428,0.734040428,1,0,1,1,1,0,1,1,1
SER,C,412,-1,64.4,41.2,TRUE,n/a,1,Phenyl ester,0.5350319880000001,0.734040428,0.734040428,0.734040428,1,0,1,1,1,0,1,1,1
SER,C,471,-1,42.7,50.1,TRUE,n/a,1,Phenyl ester,0.5350319880000001,0.734040428,0.734040428,0.734040428,1,0,1,1,1,0,1,1,1
SER,C,477,-1,28.7,21.1,TRUE,n/a,1,Phenyl ester,0.5350319880000001,0.734040428,0.734040428,0.734040428,1,0,1,1,1,0,1,1,1
SER,C,496,-1,70.5,60.3,TRUE,n/a,1,Phenyl ester,0.5350319880000001,0.734040428,0.734040428,0.734040428,1,0,1,1,1,0,1,1,1
SER,C,530,-1,22.1,15.2,TRUE,n/a,1,Phenyl ester,0.5350319880000001,0.734040428,0.734040428,0.734040428,1,0,1,1,1,0,1,1,1
SER,C,563,-1,32.6,21.7,TRUE,n/a,1,Phenyl ester,0.5350319880000001,0.734040428,0.734040428,0.734040428,1,0,1,1,1,0,1,1,1
SER,C,566,-1,46.7,32.4,TRUE,n/a,1,Phenyl ester,0.5350319880000001,0.734040428,0.734040428,0.734040428,1,0,1,1,1,0,1,1,1
SER,C,579,-1,44.2,29.5,TRUE,n/a,1,Phenyl ester,0.5350319880000001,0.734040428,0.734040428,0.734040428,1,0,1,1,1,0,1,1,1
SER,D,38,-1,47.1,45.6,TRUE,n/a,1,Phenyl ester,0.5350319880000001,0.734040428,0.734040428,0.734040428,1,0,1,1,1,0,1,1,1
SER,D,49,-1,15.2,9.6,TRUE,n/a,1,Phenyl ester,0.5350319880000001,0.734040428,0.734040428,0.734040428,1,0,1,1,1,0,1,1,1
SER,D,110,-1,28.1,18,TRUE,n/a,1,Phenyl ester,0.5350319880000001,0.734040428,0.734040428,0.734040428,1,0,1,1,1,0,1,1,1
SER,D,119,-1,29.8,27.4,TRUE,n/a,1,Phenyl ester,0.5350319880000001,0.734040428,0.734040428,0.734040428,1,0,1,1,1,0,1,1,1
SER,D,143,-1,42.1,40.9,TRUE,n/a,1,Phenyl ester,0.5350319880000001,0.734040428,0.734040428,0.734040428,1,0,1,1,1,0,1,1,1
SER,D,146,-1,26.5,16.9,TRUE,n/a,1,Phenyl ester,0.5350319880000001,0.734040428,0.734040428,0.734040428,1,0,1,1,1,0,1,1,1
SER,D,403,-1,49.5,35,TRUE,n/a,1,Phenyl ester,0.5350319880000001,0.734040428,0.734040428,0.734040428,1,0,1,1,1,0,1,1,1
SER,D,412,-1,71.4,45.6,TRUE,n/a,1,Phenyl ester,0.5350319880000001,0.734040428,0.734040428,0.734040428,1,0,1,1,1,0,1,1,1
SER,D,471,-1,43,49.7,TRUE,n/a,1,Phenyl ester,0.5350319880000001,0.734040428,0.734040428,0.734040428,1,0,1,1,1,0,1,1,1
SER,D,477,-1,28.7,20.9,TRUE,n/a,1,Phenyl ester,0.5350319880000001,0.734040428,0.734040428,0.734040428,1,0,1,1,1,0,1,1,1
SER,D,496,-1,69.8,60.2,TRUE,n/a,1,Phenyl ester,0.5350319880000001,0.734040428,0.734040428,0.734040428,1,0,1,1,1,0,1,1,1
SER,D,530,-1,21,14.7,TRUE,n/a,1,Phenyl ester,0.5350319880000001,0.734040428,0.734040428,0.734040428,1,0,1,1,1,0,1,1,1
SER,D,548,-1,15.9,18.1,TRUE,n/a,1,Phenyl ester,0.5350319880000001,0.734040428,0.734040428,0.734040428,1,0,1,1,1,0,1,1,1
SER,D,563,-1,30.6,20.3,TRUE,n/a,1,Phenyl ester,0.5350319880000001,0.734040428,0.734040428,0.734040428,1,0,1,1,1,0,1,1,1
SER,D,566,-1,46,31.5,TRUE,n/a,1,Phenyl ester,0.5350319880000001,0.734040428,0.734040428,0.734040428,1,0,1,1,1,0,1,1,1
SER,D,579,-1,43.7,29,TRUE,n/a,1,Phenyl ester,0.5350319880000001,0.734040428,0.734040428,0.734040428,1,0,1,1,1,0,1,1,1
THR,A,50,-1,25.4,31.4,TRUE,n/a,1,Phenyl ester,0.542864344,0.7340164520000001,0.7340164520000001,0.7340164520000001,1,0,1,1,1,0,1,1,1
THR,A,60,-1,42.4,35.5,TRUE,n/a,1,Phenyl ester,0.542864344,0.7340164520000001,0.7340164520000001,0.7340164520000001,1,0,1,1,1,0,1,1,1
THR,A,70,-1,49.3,43.6,TRUE,n/a,1,Phenyl ester,0.542864344,0.7340164520000001,0.7340164520000001,0.7340164520000001,1,0,1,1,1,0,1,1,1
THR,A,71,-1,58.5,43.8,TRUE,n/a,1,Phenyl ester,0.542864344,0.7340164520000001,0.7340164520000001,0.7340164520000001,1,0,1,1,1,0,1,1,1
THR,A,85,-1,54.3,42.6,TRUE,n/a,1,Phenyl ester,0.542864344,0.7340164520000001,0.7340164520000001,0.7340164520000001,1,0,1,1,1,0,1,1,1
THR,A,88,-1,61.3,48.4,TRUE,n/a,1,Phenyl ester,0.542864344,0.7340164520000001,0.7340164520000001,0.7340164520000001,1,0,1,1,1,0,1,1,1
THR,A,94,-1,38.5,31.9,TRUE,n/a,1,Phenyl ester,0.542864344,0.7340164520000001,0.7340164520000001,0.7340164520000001,1,0,1,1,1,0,1,1,1
THR,A,118,-1,22.8,28.6,TRUE,n/a,1,Phenyl ester,0.542864344,0.7340164520000001,0.7340164520000001,0.7340164520000001,1,0,1,1,1,0,1,1,1
THR,A,212,-1,16.4,17.2,TRUE,n/a,1,Phenyl ester,0.542864344,0.7340164520000001,0.7340164520000001,0.7340164520000001,1,0,1,1,1,0,1,1,1
THR,A,237,-1,58.7,60.1,TRUE,n/a,1,Phenyl ester,0.542864344,0.7340164520000001,0.7340164520000001,0.7340164520000001,1,0,1,1,1,0,1,1,1
THR,A,265,-1,23,16.4,TRUE,n/a,1,Phenyl ester,0.542864344,0.7340164520000001,0.7340164520000001,0.7340164520000001,1,0,1,1,1,0,1,1,1
THR,A,394,-1,51.1,35.9,TRUE,n/a,1,Phenyl ester,0.542864344,0.7340164520000001,0.7340164520000001,0.7340164520000001,1,0,1,1,1,0,1,1,1
THR,A,420,-1,28.3,19.8,TRUE,n/a,1,Phenyl ester,0.542864344,0.7340164520000001,0.7340164520000001,0.7340164520000001,1,0,1,1,1,0,1,1,1
THR,A,476,-1,85.4,78.4,TRUE,n/a,1,Phenyl ester,0.542864344,0.7340164520000001,0.7340164520000001,0.7340164520000001,1,0,1,1,1,0,1,1,1
THR,A,561,-1,68.7,65.7,TRUE,n/a,1,Phenyl ester,0.542864344,0.7340164520000001,0.7340164520000001,0.7340164520000001,1,0,1,1,1,0,1,1,1
THR,B,50,-1,26.2,31.4,TRUE,n/a,1,Phenyl ester,0.542864344,0.7340164520000001,0.7340164520000001,0.7340164520000001,1,0,1,1,1,0,1,1,1
THR,B,60,-1,41.9,34.6,TRUE,n/a,1,Phenyl ester,0.542864344,0.7340164520000001,0.7340164520000001,0.7340164520000001,1,0,1,1,1,0,1,1,1
THR,B,70,-1,49,43.2,TRUE,n/a,1,Phenyl ester,0.542864344,0.7340164520000001,0.7340164520000001,0.7340164520000001,1,0,1,1,1,0,1,1,1
THR,B,71,-1,56.7,42.6,TRUE,n/a,1,Phenyl ester,0.542864344,0.7340164520000001,0.7340164520000001,0.7340164520000001,1,0,1,1,1,0,1,1,1
THR,B,85,-1,53.5,41.9,TRUE,n/a,1,Phenyl ester,0.542864344,0.7340164520000001,0.7340164520000001,0.7340164520000001,1,0,1,1,1,0,1,1,1
THR,B,88,-1,60.4,47.3,TRUE,n/a,1,Phenyl ester,0.542864344,0.7340164520000001,0.7340164520000001,0.7340164520000001,1,0,1,1,1,0,1,1,1
THR,B,94,-1,40.8,34.3,TRUE,n/a,1,Phenyl ester,0.542864344,0.7340164520000001,0.7340164520000001,0.7340164520000001,1,0,1,1,1,0,1,1,1
THR,B,118,-1,22.7,28.4,TRUE,n/a,1,Phenyl ester,0.542864344,0.7340164520000001,0.7340164520000001,0.7340164520000001,1,0,1,1,1,0,1,1,1
THR,B,212,-1,17.1,18.1,TRUE,n/a,1,Phenyl ester,0.542864344,0.7340164520000001,0.7340164520000001,0.7340164520000001,1,0,1,1,1,0,1,1,1
THR,B,237,-1,59.2,60,TRUE,n/a,1,Phenyl ester,0.542864344,0.7340164520000001,0.7340164520000001,0.7340164520000001,1,0,1,1,1,0,1,1,1
THR,B,265,-1,22.5,16.1,TRUE,n/a,1,Phenyl ester,0.542864344,0.7340164520000001,0.7340164520000001,0.7340164520000001,1,0,1,1,1,0,1,1,1
THR,B,394,-1,50.3,35.8,TRUE,n/a,1,Phenyl ester,0.542864344,0.7340164520000001,0.7340164520000001,0.7340164520000001,1,0,1,1,1,0,1,1,1
THR,B,420,-1,28.7,20.2,TRUE,n/a,1,Phenyl ester,0.542864344,0.7340164520000001,0.7340164520000001,0.7340164520000001,1,0,1,1,1,0,1,1,1
THR,B,476,-1,84.7,77.8,TRUE,n/a,1,Phenyl ester,0.542864344,0.7340164520000001,0.7340164520000001,0.7340164520000001,1,0,1,1,1,0,1,1,1
THR,B,561,-1,68.2,65.3,TRUE,n/a,1,Phenyl ester,0.542864344,0.7340164520000001,0.7340164520000001,0.7340164520000001,1,0,1,1,1,0,1,1,1
THR,C,50,-1,23.9,29.8,TRUE,n/a,1,Phenyl ester,0.542864344,0.7340164520000001,0.7340164520000001,0.7340164520000001,1,0,1,1,1,0,1,1,1
THR,C,60,-1,41,33.9,TRUE,n/a,1,Phenyl ester,0.542864344,0.7340164520000001,0.7340164520000001,0.7340164520000001,1,0,1,1,1,0,1,1,1
THR,C,70,-1,48.9,43.4,TRUE,n/a,1,Phenyl ester,0.542864344,0.7340164520000001,0.7340164520000001,0.7340164520000001,1,0,1,1,1,0,1,1,1
THR,C,71,-1,59.4,44.4,TRUE,n/a,1,Phenyl ester,0.542864344,0.7340164520000001,0.7340164520000001,0.7340164520000001,1,0,1,1,1,0,1,1,1
THR,C,85,-1,52.9,41.8,TRUE,n/a,1,Phenyl ester,0.542864344,0.7340164520000001,0.7340164520000001,0.7340164520000001,1,0,1,1,1,0,1,1,1
THR,C,88,-1,61.3,48.8,TRUE,n/a,1,Phenyl ester,0.542864344,0.7340164520000001,0.7340164520000001,0.7340164520000001,1,0,1,1,1,0,1,1,1
THR,C,94,-1,39.7,33.1,TRUE,n/a,1,Phenyl ester,0.542864344,0.7340164520000001,0.7340164520000001,0.7340164520000001,1,0,1,1,1,0,1,1,1
THR,C,118,-1,26,30.7,TRUE,n/a,1,Phenyl ester,0.542864344,0.7340164520000001,0.7340164520000001,0.7340164520000001,1,0,1,1,1,0,1,1,1
THR,C,149,-1,15.5,13.2,TRUE,n/a,1,Phenyl ester,0.542864344,0.7340164520000001,0.7340164520000001,0.7340164520000001,1,0,1,1,1,0,1,1,1
THR,C,212,-1,15.9,18.2,TRUE,n/a,1,Phenyl ester,0.542864344,0.7340164520000001,0.7340164520000001,0.7340164520000001,1,0,1,1,1,0,1,1,1
THR,C,237,-1,60.4,60.9,TRUE,n/a,1,Phenyl ester,0.542864344,0.7340164520000001,0.7340164520000001,0.7340164520000001,1,0,1,1,1,0,1,1,1
THR,C,265,-1,22.9,16.4,TRUE,n/a,1,Phenyl ester,0.542864344,0.7340164520000001,0.7340164520000001,0.7340164520000001,1,0,1,1,1,0,1,1,1
THR,C,394,-1,48.8,34.3,TRUE,n/a,1,Phenyl ester,0.542864344,0.7340164520000001,0.7340164520000001,0.7340164520000001,1,0,1,1,1,0,1,1,1
THR,C,420,-1,29.5,20.7,TRUE,n/a,1,Phenyl ester,0.542864344,0.7340164520000001,0.7340164520000001,0.7340164520000001,1,0,1,1,1,0,1,1,1
THR,C,476,-1,85.2,78.4,TRUE,n/a,1,Phenyl ester,0.542864344,0.7340164520000001,0.7340164520000001,0.7340164520000001,1,0,1,1,1,0,1,1,1
THR,C,561,-1,69.4,65.7,TRUE,n/a,1,Phenyl ester,0.542864344,0.7340164520000001,0.7340164520000001,0.7340164520000001,1,0,1,1,1,0,1,1,1
THR,D,50,-1,23.9,30.4,TRUE,n/a,1,Phenyl ester,0.542864344,0.7340164520000001,0.7340164520000001,0.7340164520000001,1,0,1,1,1,0,1,1,1
THR,D,60,-1,41.1,34.3,TRUE,n/a,1,Phenyl ester,0.542864344,0.7340164520000001,0.7340164520000001,0.7340164520000001,1,0,1,1,1,0,1,1,1
THR,D,70,-1,49.7,43.8,TRUE,n/a,1,Phenyl ester,0.542864344,0.7340164520000001,0.7340164520000001,0.7340164520000001,1,0,1,1,1,0,1,1,1
THR,D,71,-1,58,43.5,TRUE,n/a,1,Phenyl ester,0.542864344,0.7340164520000001,0.7340164520000001,0.7340164520000001,1,0,1,1,1,0,1,1,1
THR,D,85,-1,53.8,42.1,TRUE,n/a,1,Phenyl ester,0.542864344,0.7340164520000001,0.7340164520000001,0.7340164520000001,1,0,1,1,1,0,1,1,1
THR,D,88,-1,62,48.7,TRUE,n/a,1,Phenyl ester,0.542864344,0.7340164520000001,0.7340164520000001,0.7340164520000001,1,0,1,1,1,0,1,1,1
THR,D,94,-1,40.3,34.1,TRUE,n/a,1,Phenyl ester,0.542864344,0.7340164520000001,0.7340164520000001,0.7340164520000001,1,0,1,1,1,0,1,1,1
THR,D,118,-1,23.3,29.4,TRUE,n/a,1,Phenyl ester,0.542864344,0.7340164520000001,0.7340164520000001,0.7340164520000001,1,0,1,1,1,0,1,1,1
THR,D,212,-1,16.6,18.5,TRUE,n/a,1,Phenyl ester,0.542864344,0.7340164520000001,0.7340164520000001,0.7340164520000001,1,0,1,1,1,0,1,1,1
THR,D,237,-1,58.6,58.8,TRUE,n/a,1,Phenyl ester,0.542864344,0.7340164520000001,0.7340164520000001,0.7340164520000001,1,0,1,1,1,0,1,1,1
THR,D,394,-1,48.5,34.1,TRUE,n/a,1,Phenyl ester,0.542864344,0.7340164520000001,0.7340164520000001,0.7340164520000001,1,0,1,1,1,0,1,1,1
THR,D,420,-1,28.4,19.9,TRUE,n/a,1,Phenyl ester,0.542864344,0.7340164520000001,0.7340164520000001,0.7340164520000001,1,0,1,1,1,0,1,1,1
THR,D,476,-1,87.2,79.2,TRUE,n/a,1,Phenyl ester,0.542864344,0.7340164520000001,0.7340164520000001,0.7340164520000001,1,0,1,1,1,0,1,1,1
THR,D,561,-1,67.4,65,TRUE,n/a,1,Phenyl ester,0.542864344,0.7340164520000001,0.7340164520000001,0.7340164520000001,1,0,1,1,1,0,1,1,1
TYR,A,55,11.15,18.5,19.2,TRUE,FALSE,1,Activated ester,0.605602884,0.7369039800000001,0.7369039800000001,0.7369039800000001,1,0,1,1,0,0,0,1,0
TYR,A,65,9.49,63.7,52.3,TRUE,TRUE,1,Activated ester,0.605602884,0.7369039800000001,0.7369039800000001,0.7369039800000001,1,0,1,1,0,0,0,1,0
TYR,A,91,10.26,66.7,56.9,TRUE,TRUE,1,Activated ester,0.605602884,0.7369039800000001,0.7369039800000001,0.7369039800000001,1,0,1,1,0,0,0,1,0
TYR,A,115,9.69,81.8,67.4,TRUE,TRUE,1,Activated ester,0.605602884,0.7369039800000001,0.7369039800000001,0.7369039800000001,1,0,1,1,0,0,0,1,0
TYR,A,122,10.04,69.1,71.7,TRUE,TRUE,1,Activated ester,0.605602884,0.7369039800000001,0.7369039800000001,0.7369039800000001,1,0,1,1,0,0,0,1,0
TYR,A,136,13.6,28.4,25.5,TRUE,FALSE,1,Activated ester,0.605602884,0.7369039800000001,0.7369039800000001,0.7369039800000001,1,0,1,1,0,0,0,1,0
TYR,A,254,10.22,38.1,37.8,TRUE,TRUE,1,Activated ester,0.605602884,0.7369039800000001,0.7369039800000001,0.7369039800000001,1,0,1,1,0,0,0,1,0
TYR,A,409,10.54,46.9,42,TRUE,TRUE,1,Activated ester,0.605602884,0.7369039800000001,0.7369039800000001,0.7369039800000001,1,0,1,1,0,0,0,1,0
TYR,B,55,11.33,18.5,20,TRUE,FALSE,1,Activated ester,0.605602884,0.7369039800000001,0.7369039800000001,0.7369039800000001,1,0,1,1,0,0,0,1,0
TYR,B,65,9.52,64.9,53.4,TRUE,TRUE,1,Activated ester,0.605602884,0.7369039800000001,0.7369039800000001,0.7369039800000001,1,0,1,1,0,0,0,1,0
TYR,B,91,10.26,65.5,56.1,TRUE,TRUE,1,Activated ester,0.605602884,0.7369039800000001,0.7369039800000001,0.7369039800000001,1,0,1,1,0,0,0,1,0
TYR,B,115,9.6,80.5,66.4,TRUE,TRUE,1,Activated ester,0.605602884,0.7369039800000001,0.7369039800000001,0.7369039800000001,1,0,1,1,0,0,0,1,0
TYR,B,122,10.08,68.3,71.4,TRUE,TRUE,1,Activated ester,0.605602884,0.7369039800000001,0.7369039800000001,0.7369039800000001,1,0,1,1,0,0,0,1,0
TYR,B,136,13.57,28,25.2,TRUE,FALSE,1,Activated ester,0.605602884,0.7369039800000001,0.7369039800000001,0.7369039800000001,1,0,1,1,0,0,0,1,0
TYR,B,254,10.22,37.9,37.7,TRUE,TRUE,1,Activated ester,0.605602884,0.7369039800000001,0.7369039800000001,0.7369039800000001,1,0,1,1,0,0,0,1,0
TYR,B,402,11.1,15,12.3,TRUE,FALSE,1,Activated ester,0.605602884,0.7369039800000001,0.7369039800000001,0.7369039800000001,1,0,1,1,0,0,0,1,0
TYR,B,409,10.52,47,41.8,TRUE,TRUE,1,Activated ester,0.605602884,0.7369039800000001,0.7369039800000001,0.7369039800000001,1,0,1,1,0,0,0,1,0
TYR,C,55,11.08,18.7,20.5,TRUE,FALSE,1,Activated ester,0.605602884,0.7369039800000001,0.7369039800000001,0.7369039800000001,1,0,1,1,0,0,0,1,0
TYR,C,65,9.79,64,52.6,TRUE,TRUE,1,Activated ester,0.605602884,0.7369039800000001,0.7369039800000001,0.7369039800000001,1,0,1,1,0,0,0,1,0
TYR,C,91,10.26,65.5,56,TRUE,TRUE,1,Activated ester,0.605602884,0.7369039800000001,0.7369039800000001,0.7369039800000001,1,0,1,1,0,0,0,1,0
TYR,C,115,9.74,82.8,68.3,TRUE,TRUE,1,Activated ester,0.605602884,0.7369039800000001,0.7369039800000001,0.7369039800000001,1,0,1,1,0,0,0,1,0
TYR,C,122,10.14,68.9,71.7,TRUE,TRUE,1,Activated ester,0.605602884,0.7369039800000001,0.7369039800000001,0.7369039800000001,1,0,1,1,0,0,0,1,0
TYR,C,136,13.76,26.3,23.6,TRUE,FALSE,1,Activated ester,0.605602884,0.7369039800000001,0.7369039800000001,0.7369039800000001,1,0,1,1,0,0,0,1,0
TYR,C,254,10.2,37.7,37.8,TRUE,TRUE,1,Activated ester,0.605602884,0.7369039800000001,0.7369039800000001,0.7369039800000001,1,0,1,1,0,0,0,1,0
TYR,C,409,10.53,46.6,41.9,TRUE,TRUE,1,Activated ester,0.605602884,0.7369039800000001,0.7369039800000001,0.7369039800000001,1,0,1,1,0,0,0,1,0
TYR,D,55,11.23,18.4,19.4,TRUE,FALSE,1,Activated ester,0.605602884,0.7369039800000001,0.7369039800000001,0.7369039800000001,1,0,1,1,0,0,0,1,0
TYR,D,65,9.56,62.2,51.1,TRUE,TRUE,1,Activated ester,0.605602884,0.7369039800000001,0.7369039800000001,0.7369039800000001,1,0,1,1,0,0,0,1,0
TYR,D,91,10.25,65.9,56.3,TRUE,TRUE,1,Activated ester,0.605602884,0.7369039800000001,0.7369039800000001,0.7369039800000001,1,0,1,1,0,0,0,1,0
TYR,D,115,9.52,78.9,64.8,TRUE,TRUE,1,Activated ester,0.605602884,0.7369039800000001,0.7369039800000001,0.7369039800000001,1,0,1,1,0,0,0,1,0
TYR,D,122,10.06,68.4,71.3,TRUE,TRUE,1,Activated ester,0.605602884,0.7369039800000001,0.7369039800000001,0.7369039800000001,1,0,1,1,0,0,0,1,0
TYR,D,136,13.62,27,24.6,TRUE,FALSE,1,Activated ester,0.605602884,0.7369039800000001,0.7369039800000001,0.7369039800000001,1,0,1,1,0,0,0,1,0
TYR,D,254,10.57,34.8,29.5,TRUE,TRUE,1,Activated ester,0.605602884,0.7369039800000001,0.7369039800000001,0.7369039800000001,1,0,1,1,0,0,0,1,0
TYR,D,402,11.09,15.3,12.6,TRUE,FALSE,1,Activated ester,0.605602884,0.7369039800000001,0.7369039800000001,0.7369039800000001,1,0,1,1,0,0,0,1,0
TYR,D,409,10.51,47.6,42.1,TRUE,TRUE,1,Activated ester,0.605602884,0.7369039800000001,0.7369039800000001,0.7369039800000001,1,0,1,1,0,0,0,1,0
CYS,A,36,99.99,15.4,17,TRUE,FALSE,1,Activated ester,0.63261894,0.736888904,0.736888904,0.736888904,1,1,1,1,0,0,0,1,0
CYS,A,59,99.99,20.2,19.1,TRUE,FALSE,1,Activated ester,0.63261894,0.736888904,0.736888904,0.736888904,1,1,1,1,0,0,0,1,0
CYS,B,59,99.99,19.2,18.7,TRUE,FALSE,1,Activated ester,0.63261894,0.736888904,0.736888904,0.736888904,1,1,1,1,0,0,0,1,0
CYS,B,569,99.99,29.1,31.8,TRUE,FALSE,1,Activated ester,0.63261894,0.736888904,0.736888904,0.736888904,1,1,1,1,0,0,0,1,0
CYS,B,575,99.99,61.7,59.6,TRUE,FALSE,1,Activated ester,0.63261894,0.736888904,0.736888904,0.736888904,1,1,1,1,0,0,0,1,0
CYS,C,36,99.99,16.6,17.4,TRUE,FALSE,1,Activated ester,0.63261894,0.736888904,0.736888904,0.736888904,1,1,1,1,0,0,0,1,0
CYS,C,59,99.99,19.1,18.4,TRUE,FALSE,1,Activated ester,0.63261894,0.736888904,0.736888904,0.736888904,1,1,1,1,0,0,0,1,0
CYS,C,569,99.99,29.5,32.9,TRUE,FALSE,1,Activated ester,0.63261894,0.736888904,0.736888904,0.736888904,1,1,1,1,0,0,0,1,0
CYS,C,575,99.99,62.9,59.7,TRUE,FALSE,1,Activated ester,0.63261894,0.736888904,0.736888904,0.736888904,1,1,1,1,0,0,0,1,0
CYS,D,36,99.99,15.3,17,TRUE,FALSE,1,Activated ester,0.63261894,0.736888904,0.736888904,0.736888904,1,1,1,1,0,0,0,1,0
CYS,D,59,99.99,19.3,18.7,TRUE,FALSE,1,Activated ester,0.63261894,0.736888904,0.736888904,0.736888904,1,1,1,1,0,0,0,1,0
CYS,D,569,99.99,30.5,32.5,TRUE,FALSE,1,Activated ester,0.63261894,0.736888904,0.736888904,0.736888904,1,1,1,1,0,0,0,1,0
CYS,D,575,99.99,62.2,59.4,TRUE,FALSE,1,Activated ester,0.63261894,0.736888904,0.736888904,0.736888904,1,1,1,1,0,0,0,1,0
CYS,A,36,99.99,15.4,17,TRUE,FALSE,1,Phenyl ester,0.6344025039999999,0.733990564,0.733990564,0.733990564,1,1,1,1,0,0,0,1,0
CYS,A,59,99.99,20.2,19.1,TRUE,FALSE,1,Phenyl ester,0.6344025039999999,0.733990564,0.733990564,0.733990564,1,1,1,1,0,0,0,1,0
CYS,B,59,99.99,19.2,18.7,TRUE,FALSE,1,Phenyl ester,0.6344025039999999,0.733990564,0.733990564,0.733990564,1,1,1,1,0,0,0,1,0
CYS,B,569,99.99,29.1,31.8,TRUE,FALSE,1,Phenyl ester,0.6344025039999999,0.733990564,0.733990564,0.733990564,1,1,1,1,0,0,0,1,0
CYS,B,575,99.99,61.7,59.6,TRUE,FALSE,1,Phenyl ester,0.6344025039999999,0.733990564,0.733990564,0.733990564,1,1,1,1,0,0,0,1,0
CYS,C,36,99.99,16.6,17.4,TRUE,FALSE,1,Phenyl ester,0.6344025039999999,0.733990564,0.733990564,0.733990564,1,1,1,1,0,0,0,1,0
CYS,C,59,99.99,19.1,18.4,TRUE,FALSE,1,Phenyl ester,0.6344025039999999,0.733990564,0.733990564,0.733990564,1,1,1,1,0,0,0,1,0
CYS,C,569,99.99,29.5,32.9,TRUE,FALSE,1,Phenyl ester,0.6344025039999999,0.733990564,0.733990564,0.733990564,1,1,1,1,0,0,0,1,0
CYS,C,575,99.99,62.9,59.7,TRUE,FALSE,1,Phenyl ester,0.6344025039999999,0.733990564,0.733990564,0.733990564,1,1,1,1,0,0,0,1,0
CYS,D,36,99.99,15.3,17,TRUE,FALSE,1,Phenyl ester,0.6344025039999999,0.733990564,0.733990564,0.733990564,1,1,1,1,0,0,0,1,0
CYS,D,59,99.99,19.3,18.7,TRUE,FALSE,1,Phenyl ester,0.6344025039999999,0.733990564,0.733990564,0.733990564,1,1,1,1,0,0,0,1,0
CYS,D,569,99.99,30.5,32.5,TRUE,FALSE,1,Phenyl ester,0.6344025039999999,0.733990564,0.733990564,0.733990564,1,1,1,1,0,0,0,1,0
CYS,D,575,99.99,62.2,59.4,TRUE,FALSE,1,Phenyl ester,0.6344025039999999,0.733990564,0.733990564,0.733990564,1,1,1,1,0,0,0,1,0
