Residue,Chain,ResNum,pKa,Side_SASA,Total_SASA,Accessible,Deprotonated,Accessibility_Score,Warhead,Reactivity_Score_Protonated,Reactivity_Score_Deprotonated,Reactivity_Score,Combined_Score,Binary_Accessible,Binary_Reactivity_Protonated,Binary_Reactivity_Deprotonated,Binary_Orbital_Deprotonated,Binary_HSAB,Binary_Score_Protonated,Binary_Score_Deprotonated,Binary_Reactivity,Binary_Score
THR,A,115,-1,64.8,67.3,TRUE,n/a,1,Beta-lactam,0.4775654079999999,0.7180328200000001,0.7180328200000001,0.7180328200000001,1,0,1,1,1,0,1,1,1
THR,A,143,-1,29.1,22.4,TRUE,n/a,1,Beta-lactam,0.4775654079999999,0.7180328200000001,0.7180328200000001,0.7180328200000001,1,0,1,1,1,0,1,1,1
THR,A,146,-1,59.8,43.6,TRUE,n/a,1,Beta-lactam,0.4775654079999999,0.7180328200000001,0.7180328200000001,0.7180328200000001,1,0,1,1,1,0,1,1,1
THR,A,167,-1,43.5,33.7,TRUE,n/a,1,Beta-lactam,0.4775654079999999,0.7180328200000001,0.7180328200000001,0.7180328200000001,1,0,1,1,1,0,1,1,1
THR,A,190,-1,65.6,70.6,TRUE,n/a,1,Beta-lactam,0.4775654079999999,0.7180328200000001,0.7180328200000001,0.7180328200000001,1,0,1,1,1,0,1,1,1
THR,A,277,-1,33.8,23.7,TRUE,n/a,1,Beta-lactam,0.4775654079999999,0.7180328200000001,0.7180328200000001,0.7180328200000001,1,0,1,1,1,0,1,1,1
THR,A,293,-1,46.1,41.6,TRUE,n/a,1,Beta-lactam,0.4775654079999999,0.7180328200000001,0.7180328200000001,0.7180328200000001,1,0,1,1,1,0,1,1,1
THR,A,309,-1,38.2,41,TRUE,n/a,1,Beta-lactam,0.4775654079999999,0.7180328200000001,0.7180328200000001,0.7180328200000001,1,0,1,1,1,0,1,1,1
THR,A,420,-1,22.1,15.5,TRUE,n/a,1,Beta-lactam,0.4775654079999999,0.7180328200000001,0.7180328200000001,0.7180328200000001,1,0,1,1,1,0,1,1,1
THR,A,428,-1,29.3,21.5,TRUE,n/a,1,Beta-lactam,0.4775654079999999,0.7180328200000001,0.7180328200000001,0.7180328200000001,1,0,1,1,1,0,1,1,1
THR,A,478,-1,62.2,44.2,TRUE,n/a,1,Beta-lactam,0.4775654079999999,0.7180328200000001,0.7180328200000001,0.7180328200000001,1,0,1,1,1,0,1,1,1
THR,A,514,-1,33,23.2,TRUE,n/a,1,Beta-lactam,0.4775654079999999,0.7180328200000001,0.7180328200000001,0.7180328200000001,1,0,1,1,1,0,1,1,1
THR,A,516,-1,31.9,38.1,TRUE,n/a,1,Beta-lactam,0.4775654079999999,0.7180328200000001,0.7180328200000001,0.7180328200000001,1,0,1,1,1,0,1,1,1
THR,C,109,-1,32.6,25.6,TRUE,n/a,1,Beta-lactam,0.4775654079999999,0.7180328200000001,0.7180328200000001,0.7180328200000001,1,0,1,1,1,0,1,1,1
THR,C,115,-1,45.3,61.7,TRUE,n/a,1,Beta-lactam,0.4775654079999999,0.7180328200000001,0.7180328200000001,0.7180328200000001,1,0,1,1,1,0,1,1,1
THR,C,143,-1,37.3,29.1,TRUE,n/a,1,Beta-lactam,0.4775654079999999,0.7180328200000001,0.7180328200000001,0.7180328200000001,1,0,1,1,1,0,1,1,1
THR,C,146,-1,46.6,34.7,TRUE,n/a,1,Beta-lactam,0.4775654079999999,0.7180328200000001,0.7180328200000001,0.7180328200000001,1,0,1,1,1,0,1,1,1
THR,C,167,-1,45.7,33.7,TRUE,n/a,1,Beta-lactam,0.4775654079999999,0.7180328200000001,0.7180328200000001,0.7180328200000001,1,0,1,1,1,0,1,1,1
THR,C,190,-1,54.9,66,TRUE,n/a,1,Beta-lactam,0.4775654079999999,0.7180328200000001,0.7180328200000001,0.7180328200000001,1,0,1,1,1,0,1,1,1
THR,C,277,-1,34.5,24.2,TRUE,n/a,1,Beta-lactam,0.4775654079999999,0.7180328200000001,0.7180328200000001,0.7180328200000001,1,0,1,1,1,0,1,1,1
THR,C,293,-1,36.7,53,TRUE,n/a,1,Beta-lactam,0.4775654079999999,0.7180328200000001,0.7180328200000001,0.7180328200000001,1,0,1,1,1,0,1,1,1
THR,C,309,-1,37.1,39,TRUE,n/a,1,Beta-lactam,0.4775654079999999,0.7180328200000001,0.7180328200000001,0.7180328200000001,1,0,1,1,1,0,1,1,1
THR,C,420,-1,19.7,13.8,TRUE,n/a,1,Beta-lactam,0.4775654079999999,0.7180328200000001,0.7180328200000001,0.7180328200000001,1,0,1,1,1,0,1,1,1
THR,C,428,-1,30.3,21.5,TRUE,n/a,1,Beta-lactam,0.4775654079999999,0.7180328200000001,0.7180328200000001,0.7180328200000001,1,0,1,1,1,0,1,1,1
THR,C,478,-1,59.5,42.1,TRUE,n/a,1,Beta-lactam,0.4775654079999999,0.7180328200000001,0.7180328200000001,0.7180328200000001,1,0,1,1,1,0,1,1,1
THR,C,514,-1,17.2,12,TRUE,n/a,1,Beta-lactam,0.4775654079999999,0.7180328200000001,0.7180328200000001,0.7180328200000001,1,0,1,1,1,0,1,1,1
THR,C,516,-1,33.6,40.2,TRUE,n/a,1,Beta-lactam,0.4775654079999999,0.7180328200000001,0.7180328200000001,0.7180328200000001,1,0,1,1,1,0,1,1,1
SER,A,94,-1,64.5,59.3,TRUE,n/a,1,Beta-lactam,0.470931848,0.716700288,0.716700288,0.716700288,1,0,1,1,1,0,1,1,1
SER,A,97,-1,105.6,89.8,TRUE,n/a,1,Beta-lactam,0.470931848,0.716700288,0.716700288,0.716700288,1,0,1,1,1,0,1,1,1
SER,A,129,-1,48.5,47.5,TRUE,n/a,1,Beta-lactam,0.470931848,0.716700288,0.716700288,0.716700288,1,0,1,1,1,0,1,1,1
SER,A,162,-1,62.2,44.1,TRUE,n/a,1,Beta-lactam,0.470931848,0.716700288,0.716700288,0.716700288,1,0,1,1,1,0,1,1,1
SER,A,205,-1,85.6,74.6,TRUE,n/a,1,Beta-lactam,0.470931848,0.716700288,0.716700288,0.716700288,1,0,1,1,1,0,1,1,1
SER,A,208,-1,41.9,38.6,TRUE,n/a,1,Beta-lactam,0.470931848,0.716700288,0.716700288,0.716700288,1,0,1,1,1,0,1,1,1
SER,A,246,-1,22.1,14.5,TRUE,n/a,1,Beta-lactam,0.470931848,0.716700288,0.716700288,0.716700288,1,0,1,1,1,0,1,1,1
SER,A,314,-1,16,10.1,TRUE,n/a,1,Beta-lactam,0.470931848,0.716700288,0.716700288,0.716700288,1,0,1,1,1,0,1,1,1
SER,A,346,-1,58.7,43.2,TRUE,n/a,1,Beta-lactam,0.470931848,0.716700288,0.716700288,0.716700288,1,0,1,1,1,0,1,1,1
SER,A,362,-1,28.3,17.9,TRUE,n/a,1,Beta-lactam,0.470931848,0.716700288,0.716700288,0.716700288,1,0,1,1,1,0,1,1,1
SER,A,368,-1,27.3,18.5,TRUE,n/a,1,Beta-lactam,0.470931848,0.716700288,0.716700288,0.716700288,1,0,1,1,1,0,1,1,1
SER,A,387,-1,63.6,40.9,TRUE,n/a,1,Beta-lactam,0.470931848,0.716700288,0.716700288,0.716700288,1,0,1,1,1,0,1,1,1
SER,A,397,-1,23.7,19.6,TRUE,n/a,1,Beta-lactam,0.470931848,0.716700288,0.716700288,0.716700288,1,0,1,1,1,0,1,1,1
SER,A,413,-1,76.4,83.9,TRUE,n/a,1,Beta-lactam,0.470931848,0.716700288,0.716700288,0.716700288,1,0,1,1,1,0,1,1,1
SER,A,461,-1,49.5,38.8,TRUE,n/a,1,Beta-lactam,0.470931848,0.716700288,0.716700288,0.716700288,1,0,1,1,1,0,1,1,1
SER,A,495,-1,15.6,13.6,TRUE,n/a,1,Beta-lactam,0.470931848,0.716700288,0.716700288,0.716700288,1,0,1,1,1,0,1,1,1
SER,C,94,-1,104.3,92.5,TRUE,n/a,1,Beta-lactam,0.470931848,0.716700288,0.716700288,0.716700288,1,0,1,1,1,0,1,1,1
SER,C,114,-1,66.7,59.5,TRUE,n/a,1,Beta-lactam,0.470931848,0.716700288,0.716700288,0.716700288,1,0,1,1,1,0,1,1,1
SER,C,162,-1,60.1,42.7,TRUE,n/a,1,Beta-lactam,0.470931848,0.716700288,0.716700288,0.716700288,1,0,1,1,1,0,1,1,1
SER,C,205,-1,65.7,48.3,TRUE,n/a,1,Beta-lactam,0.470931848,0.716700288,0.716700288,0.716700288,1,0,1,1,1,0,1,1,1
SER,C,208,-1,40.5,34.7,TRUE,n/a,1,Beta-lactam,0.470931848,0.716700288,0.716700288,0.716700288,1,0,1,1,1,0,1,1,1
SER,C,210,-1,58.6,113.5,TRUE,n/a,1,Beta-lactam,0.470931848,0.716700288,0.716700288,0.716700288,1,0,1,1,1,0,1,1,1
SER,C,246,-1,24.9,16.7,TRUE,n/a,1,Beta-lactam,0.470931848,0.716700288,0.716700288,0.716700288,1,0,1,1,1,0,1,1,1
SER,C,314,-1,16.6,10.5,TRUE,n/a,1,Beta-lactam,0.470931848,0.716700288,0.716700288,0.716700288,1,0,1,1,1,0,1,1,1
SER,C,346,-1,53,39.4,TRUE,n/a,1,Beta-lactam,0.470931848,0.716700288,0.716700288,0.716700288,1,0,1,1,1,0,1,1,1
SER,C,349,-1,29.8,30.1,TRUE,n/a,1,Beta-lactam,0.470931848,0.716700288,0.716700288,0.716700288,1,0,1,1,1,0,1,1,1
SER,C,362,-1,26.2,16.6,TRUE,n/a,1,Beta-lactam,0.470931848,0.716700288,0.716700288,0.716700288,1,0,1,1,1,0,1,1,1
SER,C,387,-1,64.1,41.3,TRUE,n/a,1,Beta-lactam,0.470931848,0.716700288,0.716700288,0.716700288,1,0,1,1,1,0,1,1,1
SER,C,397,-1,34.1,27.2,TRUE,n/a,1,Beta-lactam,0.470931848,0.716700288,0.716700288,0.716700288,1,0,1,1,1,0,1,1,1
SER,C,413,-1,75.8,84,TRUE,n/a,1,Beta-lactam,0.470931848,0.716700288,0.716700288,0.716700288,1,0,1,1,1,0,1,1,1
SER,C,461,-1,51.6,39.7,TRUE,n/a,1,Beta-lactam,0.470931848,0.716700288,0.716700288,0.716700288,1,0,1,1,1,0,1,1,1
SER,C,495,-1,17,15.5,TRUE,n/a,1,Beta-lactam,0.470931848,0.716700288,0.716700288,0.716700288,1,0,1,1,1,0,1,1,1
SER,C,590,-1,98.9,115.5,TRUE,n/a,1,Beta-lactam,0.470931848,0.716700288,0.716700288,0.716700288,1,0,1,1,1,0,1,1,1
