Residue,Chain,ResNum,pKa,Side_SASA,Total_SASA,Accessible,Deprotonated,Accessibility_Score,Warhead,Reactivity_Score_Protonated,Reactivity_Score_Deprotonated,Reactivity_Score,Combined_Score,Binary_Accessible,Binary_Reactivity_Protonated,Binary_Reactivity_Deprotonated,Binary_Orbital,Binary_HSAB,Binary_Score_Protonated,Binary_Score_Deprotonated,Binary_Reactivity,Binary_Score,deprotonation_prob,estimated_pKa,pKa_shift,Deprotonation_State
THR,A,237,-1.0,58.7,60.1,True,,1,Phenyl ester,0.542864344,0.7340164520000001,0.7340164520000001,0.7340164520000001,1,0,1,1,1,0,1,1,1,0.7622653841972351,6.894,-6.706,1.0
THR,D,237,-1.0,58.6,58.8,True,,1,Phenyl ester,0.542864344,0.7340164520000001,0.7340164520000001,0.7340164520000001,1,0,1,1,1,0,1,1,1,0.7532206773757935,6.9154,-6.6846,1.0
THR,B,237,-1.0,59.2,60.0,True,,1,Phenyl ester,0.542864344,0.7340164520000001,0.7340164520000001,0.7340164520000001,1,0,1,1,1,0,1,1,1,0.7360241413116455,6.9547,-6.6453,1.0
THR,C,237,-1.0,60.4,60.9,True,,1,Phenyl ester,0.542864344,0.7340164520000001,0.7340164520000001,0.7340164520000001,1,0,1,1,1,0,1,1,1,0.7355124354362488,6.9558,-6.6442,1.0
SER,A,403,-1.0,48.0,33.6,True,,1,Activated ester,0.542527048,0.736950032,0.736950032,0.736950032,1,0,1,1,1,0,1,1,1,0.6151430010795593,7.1963,-5.8037,1.0
SER,A,403,-1.0,48.0,33.6,True,,1,Phenyl ester,0.5350319880000001,0.734040428,0.734040428,0.734040428,1,0,1,1,1,0,1,1,1,0.6151430010795593,7.1963,-5.8037,1.0
SER,B,530,-1.0,21.3,15.0,True,,1,Activated ester,0.542527048,0.736950032,0.736950032,0.736950032,1,0,1,1,1,0,1,1,1,0.5707036852836609,7.2763,-5.7237,1.0
SER,D,530,-1.0,21.0,14.7,True,,1,Activated ester,0.542527048,0.736950032,0.736950032,0.736950032,1,0,1,1,1,0,1,1,1,0.5707036852836609,7.2763,-5.7237,1.0
SER,B,530,-1.0,21.3,15.0,True,,1,Phenyl ester,0.5350319880000001,0.734040428,0.734040428,0.734040428,1,0,1,1,1,0,1,1,1,0.5707036852836609,7.2763,-5.7237,1.0
SER,D,530,-1.0,21.0,14.7,True,,1,Phenyl ester,0.5350319880000001,0.734040428,0.734040428,0.734040428,1,0,1,1,1,0,1,1,1,0.5707036852836609,7.2763,-5.7237,1.0
THR,D,212,-1.0,16.6,18.5,True,,1,Phenyl ester,0.542864344,0.7340164520000001,0.7340164520000001,0.7340164520000001,1,0,1,1,1,0,1,1,1,0.5584220886230469,7.298,-6.302,1.0
SER,D,403,-1.0,49.5,35.0,True,,1,Activated ester,0.542527048,0.736950032,0.736950032,0.736950032,1,0,1,1,1,0,1,1,1,0.5203607678413391,7.3646,-5.6354,1.0
SER,D,403,-1.0,49.5,35.0,True,,1,Phenyl ester,0.5350319880000001,0.734040428,0.734040428,0.734040428,1,0,1,1,1,0,1,1,1,0.5203607678413391,7.3646,-5.6354,1.0
SER,B,403,-1.0,48.0,33.9,True,,1,Activated ester,0.542527048,0.736950032,0.736950032,0.736950032,1,0,1,1,1,0,1,1,1,0.5150460600852966,7.3739,-5.6261,1.0
SER,B,403,-1.0,48.0,33.9,True,,1,Phenyl ester,0.5350319880000001,0.734040428,0.734040428,0.734040428,1,0,1,1,1,0,1,1,1,0.5150460600852966,7.3739,-5.6261,1.0
THR,C,212,-1.0,15.9,18.2,True,,1,Phenyl ester,0.542864344,0.7340164520000001,0.7340164520000001,0.7340164520000001,1,0,1,1,1,0,1,1,1,0.5102538466453552,7.3822,-6.2178,1.0
THR,A,212,-1.0,16.4,17.2,True,,1,Phenyl ester,0.542864344,0.7340164520000001,0.7340164520000001,0.7340164520000001,1,0,1,1,1,0,1,1,1,0.5060173869132996,7.3895,-6.2105,1.0
SER,C,403,-1.0,48.7,34.3,True,,1,Activated ester,0.542527048,0.736950032,0.736950032,0.736950032,1,0,1,1,1,0,1,1,1,0.4949512779712677,7.4088,-5.5912,0.0
SER,C,403,-1.0,48.7,34.3,True,,1,Phenyl ester,0.5350319880000001,0.734040428,0.734040428,0.734040428,1,0,1,1,1,0,1,1,1,0.4949512779712677,7.4088,-5.5912,0.0
THR,B,265,-1.0,22.5,16.1,True,,1,Phenyl ester,0.542864344,0.7340164520000001,0.7340164520000001,0.7340164520000001,1,0,1,1,1,0,1,1,1,0.4940042495727539,7.4104,-6.1896,0.0
SER,C,530,-1.0,22.1,15.2,True,,1,Activated ester,0.542527048,0.736950032,0.736950032,0.736950032,1,0,1,1,1,0,1,1,1,0.4672335386276245,7.457,-5.543,0.0
SER,C,530,-1.0,22.1,15.2,True,,1,Phenyl ester,0.5350319880000001,0.734040428,0.734040428,0.734040428,1,0,1,1,1,0,1,1,1,0.4672335386276245,7.457,-5.543,0.0
SER,B,563,-1.0,30.2,19.9,True,,1,Activated ester,0.542527048,0.736950032,0.736950032,0.736950032,1,0,1,1,1,0,1,1,1,0.4542115330696106,7.4798,-5.5202,0.0
SER,B,563,-1.0,30.2,19.9,True,,1,Phenyl ester,0.5350319880000001,0.734040428,0.734040428,0.734040428,1,0,1,1,1,0,1,1,1,0.4542115330696106,7.4798,-5.5202,0.0
THR,B,420,-1.0,28.7,20.2,True,,1,Phenyl ester,0.542864344,0.7340164520000001,0.7340164520000001,0.7340164520000001,1,0,1,1,1,0,1,1,1,0.4536735415458679,7.4807,-6.1193,0.0
THR,C,420,-1.0,29.5,20.7,True,,1,Phenyl ester,0.542864344,0.7340164520000001,0.7340164520000001,0.7340164520000001,1,0,1,1,1,0,1,1,1,0.4536735415458679,7.4807,-6.1193,0.0
THR,C,149,-1.0,15.5,13.2,True,,1,Phenyl ester,0.542864344,0.7340164520000001,0.7340164520000001,0.7340164520000001,1,0,1,1,1,0,1,1,1,0.45335617661476135,7.4813,-6.1187,0.0
THR,A,420,-1.0,28.3,19.8,True,,1,Phenyl ester,0.542864344,0.7340164520000001,0.7340164520000001,0.7340164520000001,1,0,1,1,1,0,1,1,1,0.45268046855926514,7.4824,-6.1176,0.0
THR,B,212,-1.0,17.1,18.1,True,,1,Phenyl ester,0.542864344,0.7340164520000001,0.7340164520000001,0.7340164520000001,1,0,1,1,1,0,1,1,1,0.4499455392360687,7.4872,-6.1128,0.0
SER,D,563,-1.0,30.6,20.3,True,,1,Activated ester,0.542527048,0.736950032,0.736950032,0.736950032,1,0,1,1,1,0,1,1,1,0.44364988803863525,7.4983,-5.5017,0.0
SER,D,563,-1.0,30.6,20.3,True,,1,Phenyl ester,0.5350319880000001,0.734040428,0.734040428,0.734040428,1,0,1,1,1,0,1,1,1,0.44364988803863525,7.4983,-5.5017,0.0
THR,C,265,-1.0,22.9,16.4,True,,1,Phenyl ester,0.542864344,0.7340164520000001,0.7340164520000001,0.7340164520000001,1,0,1,1,1,0,1,1,1,0.4254682958126068,7.5304,-6.0696,0.0
SER,A,579,-1.0,20.7,13.5,True,,1,Activated ester,0.542527048,0.736950032,0.736950032,0.736950032,1,0,1,1,1,0,1,1,1,0.4235481023788452,7.5339,-5.4661,0.0
SER,A,579,-1.0,20.7,13.5,True,,1,Phenyl ester,0.5350319880000001,0.734040428,0.734040428,0.734040428,1,0,1,1,1,0,1,1,1,0.4235481023788452,7.5339,-5.4661,0.0
THR,A,265,-1.0,23.0,16.4,True,,1,Phenyl ester,0.542864344,0.7340164520000001,0.7340164520000001,0.7340164520000001,1,0,1,1,1,0,1,1,1,0.4175955057144165,7.5445,-6.0555,0.0
SER,A,477,-1.0,32.1,23.3,True,,1,Activated ester,0.542527048,0.736950032,0.736950032,0.736950032,1,0,1,1,1,0,1,1,1,0.4134870171546936,7.5518,-5.4482,0.0
SER,A,477,-1.0,32.1,23.3,True,,1,Phenyl ester,0.5350319880000001,0.734040428,0.734040428,0.734040428,1,0,1,1,1,0,1,1,1,0.4134870171546936,7.5518,-5.4482,0.0
SER,A,563,-1.0,28.4,19.0,True,,1,Activated ester,0.542527048,0.736950032,0.736950032,0.736950032,1,0,1,1,1,0,1,1,1,0.41121938824653625,7.5559,-5.4441,0.0
SER,A,563,-1.0,28.4,19.0,True,,1,Phenyl ester,0.5350319880000001,0.734040428,0.734040428,0.734040428,1,0,1,1,1,0,1,1,1,0.41121938824653625,7.5559,-5.4441,0.0
SER,C,110,-1.0,27.9,17.8,True,,1,Activated ester,0.542527048,0.736950032,0.736950032,0.736950032,1,0,1,1,1,0,1,1,1,0.4071844220161438,7.5631,-5.4369,0.0
SER,C,110,-1.0,27.9,17.8,True,,1,Phenyl ester,0.5350319880000001,0.734040428,0.734040428,0.734040428,1,0,1,1,1,0,1,1,1,0.4071844220161438,7.5631,-5.4369,0.0
SER,A,110,-1.0,27.4,17.6,True,,1,Activated ester,0.542527048,0.736950032,0.736950032,0.736950032,1,0,1,1,1,0,1,1,1,0.40371376276016235,7.5694,-5.4306,0.0
SER,A,110,-1.0,27.4,17.6,True,,1,Phenyl ester,0.5350319880000001,0.734040428,0.734040428,0.734040428,1,0,1,1,1,0,1,1,1,0.40371376276016235,7.5694,-5.4306,0.0
SER,B,110,-1.0,28.2,18.2,True,,1,Activated ester,0.542527048,0.736950032,0.736950032,0.736950032,1,0,1,1,1,0,1,1,1,0.3805238902568817,7.6116,-5.3884,0.0
SER,B,110,-1.0,28.2,18.2,True,,1,Phenyl ester,0.5350319880000001,0.734040428,0.734040428,0.734040428,1,0,1,1,1,0,1,1,1,0.3805238902568817,7.6116,-5.3884,0.0
THR,A,85,-1.0,54.3,42.6,True,,1,Phenyl ester,0.542864344,0.7340164520000001,0.7340164520000001,0.7340164520000001,1,0,1,1,1,0,1,1,1,0.3561481535434723,7.6572,-5.9428,0.0
SER,A,530,-1.0,21.4,15.0,True,,1,Activated ester,0.542527048,0.736950032,0.736950032,0.736950032,1,0,1,1,1,0,1,1,1,0.3546599745750427,7.66,-5.34,0.0
SER,A,530,-1.0,21.4,15.0,True,,1,Phenyl ester,0.5350319880000001,0.734040428,0.734040428,0.734040428,1,0,1,1,1,0,1,1,1,0.3546599745750427,7.66,-5.34,0.0
THR,B,85,-1.0,53.5,41.9,True,,1,Phenyl ester,0.542864344,0.7340164520000001,0.7340164520000001,0.7340164520000001,1,0,1,1,1,0,1,1,1,0.3545618951320648,7.6602,-5.9398,0.0
THR,C,85,-1.0,52.9,41.8,True,,1,Phenyl ester,0.542864344,0.7340164520000001,0.7340164520000001,0.7340164520000001,1,0,1,1,1,0,1,1,1,0.3545618951320648,7.6602,-5.9398,0.0
SER,C,49,-1.0,17.0,10.8,True,,1,Activated ester,0.542527048,0.736950032,0.736950032,0.736950032,1,0,1,1,1,0,1,1,1,0.3519774079322815,7.6651,-5.3349,0.0
SER,C,49,-1.0,17.0,10.8,True,,1,Phenyl ester,0.5350319880000001,0.734040428,0.734040428,0.734040428,1,0,1,1,1,0,1,1,1,0.3519774079322815,7.6651,-5.3349,0.0
SER,B,548,-1.0,16.4,18.7,True,,1,Activated ester,0.542527048,0.736950032,0.736950032,0.736950032,1,0,1,1,1,0,1,1,1,0.34552472829818726,7.6774,-5.3226,0.0
SER,B,548,-1.0,16.4,18.7,True,,1,Phenyl ester,0.5350319880000001,0.734040428,0.734040428,0.734040428,1,0,1,1,1,0,1,1,1,0.34552472829818726,7.6774,-5.3226,0.0
THR,D,420,-1.0,28.4,19.9,True,,1,Phenyl ester,0.542864344,0.7340164520000001,0.7340164520000001,0.7340164520000001,1,0,1,1,1,0,1,1,1,0.3450101613998413,7.6784,-5.9216,0.0
SER,D,471,-1.0,43.0,49.7,True,,1,Activated ester,0.542527048,0.736950032,0.736950032,0.736950032,1,0,1,1,1,0,1,1,1,0.3417469561100006,7.6847,-5.3153,0.0
SER,D,471,-1.0,43.0,49.7,True,,1,Phenyl ester,0.5350319880000001,0.734040428,0.734040428,0.734040428,1,0,1,1,1,0,1,1,1,0.3417469561100006,7.6847,-5.3153,0.0
SER,D,548,-1.0,15.9,18.1,True,,1,Activated ester,0.542527048,0.736950032,0.736950032,0.736950032,1,0,1,1,1,0,1,1,1,0.3390572667121887,7.6899,-5.3101,0.0
SER,D,548,-1.0,15.9,18.1,True,,1,Phenyl ester,0.5350319880000001,0.734040428,0.734040428,0.734040428,1,0,1,1,1,0,1,1,1,0.3390572667121887,7.6899,-5.3101,0.0
THR,B,88,-1.0,60.4,47.3,True,,1,Phenyl ester,0.542864344,0.7340164520000001,0.7340164520000001,0.7340164520000001,1,0,1,1,1,0,1,1,1,0.32214245200157166,7.7231,-5.8769,0.0
SER,C,477,-1.0,28.7,21.1,True,,1,Activated ester,0.542527048,0.736950032,0.736950032,0.736950032,1,0,1,1,1,0,1,1,1,0.3192822337150574,7.7288,-5.2712,0.0
SER,C,477,-1.0,28.7,21.1,True,,1,Phenyl ester,0.5350319880000001,0.734040428,0.734040428,0.734040428,1,0,1,1,1,0,1,1,1,0.3192822337150574,7.7288,-5.2712,0.0
SER,C,579,-1.0,44.2,29.5,True,,1,Activated ester,0.542527048,0.736950032,0.736950032,0.736950032,1,0,1,1,1,0,1,1,1,0.31727850437164307,7.7328,-5.2672,0.0
SER,D,579,-1.0,43.7,29.0,True,,1,Activated ester,0.542527048,0.736950032,0.736950032,0.736950032,1,0,1,1,1,0,1,1,1,0.31727850437164307,7.7328,-5.2672,0.0
SER,C,579,-1.0,44.2,29.5,True,,1,Phenyl ester,0.5350319880000001,0.734040428,0.734040428,0.734040428,1,0,1,1,1,0,1,1,1,0.31727850437164307,7.7328,-5.2672,0.0
SER,D,579,-1.0,43.7,29.0,True,,1,Phenyl ester,0.5350319880000001,0.734040428,0.734040428,0.734040428,1,0,1,1,1,0,1,1,1,0.31727850437164307,7.7328,-5.2672,0.0
THR,D,70,-1.0,49.7,43.8,True,,1,Phenyl ester,0.542864344,0.7340164520000001,0.7340164520000001,0.7340164520000001,1,0,1,1,1,0,1,1,1,0.31426724791526794,7.7389,-5.8611,0.0
SER,D,477,-1.0,28.7,20.9,True,,1,Activated ester,0.542527048,0.736950032,0.736950032,0.736950032,1,0,1,1,1,0,1,1,1,0.30784058570861816,7.7519,-5.2481,0.0
SER,D,477,-1.0,28.7,20.9,True,,1,Phenyl ester,0.5350319880000001,0.734040428,0.734040428,0.734040428,1,0,1,1,1,0,1,1,1,0.30784058570861816,7.7519,-5.2481,0.0
SER,B,477,-1.0,32.1,23.3,True,,1,Activated ester,0.542527048,0.736950032,0.736950032,0.736950032,1,0,1,1,1,0,1,1,1,0.30751821398735046,7.7525,-5.2475,0.0
SER,B,477,-1.0,32.1,23.3,True,,1,Phenyl ester,0.5350319880000001,0.734040428,0.734040428,0.734040428,1,0,1,1,1,0,1,1,1,0.30751821398735046,7.7525,-5.2475,0.0
SER,C,563,-1.0,32.6,21.7,True,,1,Activated ester,0.542527048,0.736950032,0.736950032,0.736950032,1,0,1,1,1,0,1,1,1,0.3069791793823242,7.7536,-5.2464,0.0
SER,C,563,-1.0,32.6,21.7,True,,1,Phenyl ester,0.5350319880000001,0.734040428,0.734040428,0.734040428,1,0,1,1,1,0,1,1,1,0.3069791793823242,7.7536,-5.2464,0.0
SER,C,471,-1.0,42.7,50.1,True,,1,Activated ester,0.542527048,0.736950032,0.736950032,0.736950032,1,0,1,1,1,0,1,1,1,0.3045673668384552,7.7586,-5.2414,0.0
SER,C,471,-1.0,42.7,50.1,True,,1,Phenyl ester,0.5350319880000001,0.734040428,0.734040428,0.734040428,1,0,1,1,1,0,1,1,1,0.3045673668384552,7.7586,-5.2414,0.0
THR,D,88,-1.0,62.0,48.7,True,,1,Phenyl ester,0.542864344,0.7340164520000001,0.7340164520000001,0.7340164520000001,1,0,1,1,1,0,1,1,1,0.29841020703315735,7.7713,-5.8287,0.0
SER,A,471,-1.0,44.5,51.0,True,,1,Activated ester,0.542527048,0.736950032,0.736950032,0.736950032,1,0,1,1,1,0,1,1,1,0.2897029221057892,7.7895,-5.2105,0.0
SER,A,471,-1.0,44.5,51.0,True,,1,Phenyl ester,0.5350319880000001,0.734040428,0.734040428,0.734040428,1,0,1,1,1,0,1,1,1,0.2897029221057892,7.7895,-5.2105,0.0
SER,D,49,-1.0,15.2,9.6,True,,1,Activated ester,0.542527048,0.736950032,0.736950032,0.736950032,1,0,1,1,1,0,1,1,1,0.2854550778865814,7.7985,-5.2015,0.0
SER,D,49,-1.0,15.2,9.6,True,,1,Phenyl ester,0.5350319880000001,0.734040428,0.734040428,0.734040428,1,0,1,1,1,0,1,1,1,0.2854550778865814,7.7985,-5.2015,0.0
THR,C,88,-1.0,61.3,48.8,True,,1,Phenyl ester,0.542864344,0.7340164520000001,0.7340164520000001,0.7340164520000001,1,0,1,1,1,0,1,1,1,0.2854084074497223,7.7986,-5.8014,0.0
SER,A,548,-1.0,17.9,19.9,True,,1,Activated ester,0.542527048,0.736950032,0.736950032,0.736950032,1,0,1,1,1,0,1,1,1,0.27933740615844727,7.8116,-5.1884,0.0
SER,A,548,-1.0,17.9,19.9,True,,1,Phenyl ester,0.5350319880000001,0.734040428,0.734040428,0.734040428,1,0,1,1,1,0,1,1,1,0.27933740615844727,7.8116,-5.1884,0.0
THR,A,70,-1.0,49.3,43.6,True,,1,Phenyl ester,0.542864344,0.7340164520000001,0.7340164520000001,0.7340164520000001,1,0,1,1,1,0,1,1,1,0.27614977955818176,7.8185,-5.7815,0.0
THR,B,70,-1.0,49.0,43.2,True,,1,Phenyl ester,0.542864344,0.7340164520000001,0.7340164520000001,0.7340164520000001,1,0,1,1,1,0,1,1,1,0.27614977955818176,7.8185,-5.7815,0.0
THR,C,70,-1.0,48.9,43.4,True,,1,Phenyl ester,0.542864344,0.7340164520000001,0.7340164520000001,0.7340164520000001,1,0,1,1,1,0,1,1,1,0.27614977955818176,7.8185,-5.7815,0.0
SER,A,49,-1.0,15.3,9.7,True,,1,Activated ester,0.542527048,0.736950032,0.736950032,0.736950032,1,0,1,1,1,0,1,1,1,0.2745707631111145,7.8219,-5.1781,0.0
SER,A,49,-1.0,15.3,9.7,True,,1,Phenyl ester,0.5350319880000001,0.734040428,0.734040428,0.734040428,1,0,1,1,1,0,1,1,1,0.2745707631111145,7.8219,-5.1781,0.0
THR,A,88,-1.0,61.3,48.4,True,,1,Phenyl ester,0.542864344,0.7340164520000001,0.7340164520000001,0.7340164520000001,1,0,1,1,1,0,1,1,1,0.27267396450042725,7.8261,-5.7739,0.0
SER,B,471,-1.0,43.5,50.0,True,,1,Activated ester,0.542527048,0.736950032,0.736950032,0.736950032,1,0,1,1,1,0,1,1,1,0.2715369164943695,7.8286,-5.1714,0.0
SER,B,471,-1.0,43.5,50.0,True,,1,Phenyl ester,0.5350319880000001,0.734040428,0.734040428,0.734040428,1,0,1,1,1,0,1,1,1,0.2715369164943695,7.8286,-5.1714,0.0
THR,D,561,-1.0,67.4,65.0,True,,1,Phenyl ester,0.542864344,0.7340164520000001,0.7340164520000001,0.7340164520000001,1,0,1,1,1,0,1,1,1,0.26685813069343567,7.8389,-5.7611,0.0
SER,D,110,-1.0,28.1,18.0,True,,1,Activated ester,0.542527048,0.736950032,0.736950032,0.736950032,1,0,1,1,1,0,1,1,1,0.25566768646240234,7.8641,-5.1359,0.0
SER,D,110,-1.0,28.1,18.0,True,,1,Phenyl ester,0.5350319880000001,0.734040428,0.734040428,0.734040428,1,0,1,1,1,0,1,1,1,0.25566768646240234,7.8641,-5.1359,0.0
THR,D,85,-1.0,53.8,42.1,True,,1,Phenyl ester,0.542864344,0.7340164520000001,0.7340164520000001,0.7340164520000001,1,0,1,1,1,0,1,1,1,0.24709050357341766,7.8839,-5.7161,0.0
THR,D,118,-1.0,23.3,29.4,True,,1,Phenyl ester,0.542864344,0.7340164520000001,0.7340164520000001,0.7340164520000001,1,0,1,1,1,0,1,1,1,0.23724162578582764,7.9072,-5.6928,0.0
THR,A,561,-1.0,68.7,65.7,True,,1,Phenyl ester,0.542864344,0.7340164520000001,0.7340164520000001,0.7340164520000001,1,0,1,1,1,0,1,1,1,0.23587273061275482,7.9105,-5.6895,0.0
SER,C,143,-1.0,43.9,40.8,True,,1,Activated ester,0.542527048,0.736950032,0.736950032,0.736950032,1,0,1,1,1,0,1,1,1,0.23241810500621796,7.9189,-5.0811,0.0
SER,C,143,-1.0,43.9,40.8,True,,1,Phenyl ester,0.5350319880000001,0.734040428,0.734040428,0.734040428,1,0,1,1,1,0,1,1,1,0.23241810500621796,7.9189,-5.0811,0.0
THR,C,118,-1.0,26.0,30.7,True,,1,Phenyl ester,0.542864344,0.7340164520000001,0.7340164520000001,0.7340164520000001,1,0,1,1,1,0,1,1,1,0.2319970279932022,7.9199,-5.6801,0.0
THR,B,561,-1.0,68.2,65.3,True,,1,Phenyl ester,0.542864344,0.7340164520000001,0.7340164520000001,0.7340164520000001,1,0,1,1,1,0,1,1,1,0.23186461627483368,7.9202,-5.6798,0.0
THR,B,118,-1.0,22.7,28.4,True,,1,Phenyl ester,0.542864344,0.7340164520000001,0.7340164520000001,0.7340164520000001,1,0,1,1,1,0,1,1,1,0.2306763380765915,7.9231,-5.6769,0.0
THR,C,60,-1.0,41.0,33.9,True,,1,Phenyl ester,0.542864344,0.7340164520000001,0.7340164520000001,0.7340164520000001,1,0,1,1,1,0,1,1,1,0.22952193021774292,7.9259,-5.6741,0.0
THR,A,60,-1.0,42.4,35.5,True,,1,Phenyl ester,0.542864344,0.7340164520000001,0.7340164520000001,0.7340164520000001,1,0,1,1,1,0,1,1,1,0.22930632531642914,7.9265,-5.6735,0.0
SER,C,496,-1.0,70.5,60.3,True,,1,Activated ester,0.542527048,0.736950032,0.736950032,0.736950032,1,0,1,1,1,0,1,1,1,0.2265566736459732,7.9333,-5.0667,0.0
SER,C,496,-1.0,70.5,60.3,True,,1,Phenyl ester,0.5350319880000001,0.734040428,0.734040428,0.734040428,1,0,1,1,1,0,1,1,1,0.2265566736459732,7.9333,-5.0667,0.0
SER,A,143,-1.0,42.0,40.6,True,,1,Activated ester,0.542527048,0.736950032,0.736950032,0.736950032,1,0,1,1,1,0,1,1,1,0.22651712596416473,7.9333,-5.0667,0.0
SER,A,143,-1.0,42.0,40.6,True,,1,Phenyl ester,0.5350319880000001,0.734040428,0.734040428,0.734040428,1,0,1,1,1,0,1,1,1,0.22651712596416473,7.9333,-5.0667,0.0
SER,B,496,-1.0,71.3,60.2,True,,1,Activated ester,0.542527048,0.736950032,0.736950032,0.736950032,1,0,1,1,1,0,1,1,1,0.22395680844783783,7.9397,-5.0603,0.0
SER,B,496,-1.0,71.3,60.2,True,,1,Phenyl ester,0.5350319880000001,0.734040428,0.734040428,0.734040428,1,0,1,1,1,0,1,1,1,0.22395680844783783,7.9397,-5.0603,0.0
SER,A,496,-1.0,68.8,59.9,True,,1,Activated ester,0.542527048,0.736950032,0.736950032,0.736950032,1,0,1,1,1,0,1,1,1,0.22354470193386078,7.9408,-5.0592,0.0
SER,A,496,-1.0,68.8,59.9,True,,1,Phenyl ester,0.5350319880000001,0.734040428,0.734040428,0.734040428,1,0,1,1,1,0,1,1,1,0.22354470193386078,7.9408,-5.0592,0.0
SER,D,496,-1.0,69.8,60.2,True,,1,Activated ester,0.542527048,0.736950032,0.736950032,0.736950032,1,0,1,1,1,0,1,1,1,0.22258208692073822,7.9432,-5.0568,0.0
SER,D,496,-1.0,69.8,60.2,True,,1,Phenyl ester,0.5350319880000001,0.734040428,0.734040428,0.734040428,1,0,1,1,1,0,1,1,1,0.22258208692073822,7.9432,-5.0568,0.0
THR,A,118,-1.0,22.8,28.6,True,,1,Phenyl ester,0.542864344,0.7340164520000001,0.7340164520000001,0.7340164520000001,1,0,1,1,1,0,1,1,1,0.22014380991458893,7.9493,-5.6507,0.0
SER,D,119,-1.0,29.8,27.4,True,,1,Activated ester,0.542527048,0.736950032,0.736950032,0.736950032,1,0,1,1,1,0,1,1,1,0.2190302461385727,7.9521,-5.0479,0.0
SER,D,119,-1.0,29.8,27.4,True,,1,Phenyl ester,0.5350319880000001,0.734040428,0.734040428,0.734040428,1,0,1,1,1,0,1,1,1,0.2190302461385727,7.9521,-5.0479,0.0
SER,C,119,-1.0,31.6,28.2,True,,1,Activated ester,0.542527048,0.736950032,0.736950032,0.736950032,1,0,1,1,1,0,1,1,1,0.21887950599193573,7.9525,-5.0475,0.0
SER,C,119,-1.0,31.6,28.2,True,,1,Phenyl ester,0.5350319880000001,0.734040428,0.734040428,0.734040428,1,0,1,1,1,0,1,1,1,0.21887950599193573,7.9525,-5.0475,0.0
THR,D,394,-1.0,48.5,34.1,True,,1,Phenyl ester,0.542864344,0.7340164520000001,0.7340164520000001,0.7340164520000001,1,0,1,1,1,0,1,1,1,0.21810758113861084,7.9545,-5.6455,0.0
SER,A,38,-1.0,50.5,47.4,True,,1,Activated ester,0.542527048,0.736950032,0.736950032,0.736950032,1,0,1,1,1,0,1,1,1,0.21754854917526245,7.9559,-5.0441,0.0
SER,A,38,-1.0,50.5,47.4,True,,1,Phenyl ester,0.5350319880000001,0.734040428,0.734040428,0.734040428,1,0,1,1,1,0,1,1,1,0.21754854917526245,7.9559,-5.0441,0.0
SER,D,143,-1.0,42.1,40.9,True,,1,Activated ester,0.542527048,0.736950032,0.736950032,0.736950032,1,0,1,1,1,0,1,1,1,0.2166782021522522,7.9581,-5.0419,0.0
SER,D,143,-1.0,42.1,40.9,True,,1,Phenyl ester,0.5350319880000001,0.734040428,0.734040428,0.734040428,1,0,1,1,1,0,1,1,1,0.2166782021522522,7.9581,-5.0419,0.0
THR,B,476,-1.0,84.7,77.8,True,,1,Phenyl ester,0.542864344,0.7340164520000001,0.7340164520000001,0.7340164520000001,1,0,1,1,1,0,1,1,1,0.21546687185764313,7.9612,-5.6388,0.0
SER,B,143,-1.0,42.4,40.4,True,,1,Activated ester,0.542527048,0.736950032,0.736950032,0.736950032,1,0,1,1,1,0,1,1,1,0.21451443433761597,7.9637,-5.0363,0.0
SER,B,143,-1.0,42.4,40.4,True,,1,Phenyl ester,0.5350319880000001,0.734040428,0.734040428,0.734040428,1,0,1,1,1,0,1,1,1,0.21451443433761597,7.9637,-5.0363,0.0
THR,C,94,-1.0,39.7,33.1,True,,1,Phenyl ester,0.542864344,0.7340164520000001,0.7340164520000001,0.7340164520000001,1,0,1,1,1,0,1,1,1,0.21128563582897186,7.972,-5.628,0.0
SER,A,119,-1.0,28.4,26.5,True,,1,Activated ester,0.542527048,0.736950032,0.736950032,0.736950032,1,0,1,1,1,0,1,1,1,0.21103286743164062,7.9727,-5.0273,0.0
SER,A,119,-1.0,28.4,26.5,True,,1,Phenyl ester,0.5350319880000001,0.734040428,0.734040428,0.734040428,1,0,1,1,1,0,1,1,1,0.21103286743164062,7.9727,-5.0273,0.0
THR,C,561,-1.0,69.4,65.7,True,,1,Phenyl ester,0.542864344,0.7340164520000001,0.7340164520000001,0.7340164520000001,1,0,1,1,1,0,1,1,1,0.20969252288341522,7.9762,-5.6238,0.0
SER,D,412,-1.0,71.4,45.6,True,,1,Activated ester,0.542527048,0.736950032,0.736950032,0.736950032,1,0,1,1,1,0,1,1,1,0.2092563509941101,7.9774,-5.0226,0.0
SER,D,412,-1.0,71.4,45.6,True,,1,Phenyl ester,0.5350319880000001,0.734040428,0.734040428,0.734040428,1,0,1,1,1,0,1,1,1,0.2092563509941101,7.9774,-5.0226,0.0
SER,C,412,-1.0,64.4,41.2,True,,1,Activated ester,0.542527048,0.736950032,0.736950032,0.736950032,1,0,1,1,1,0,1,1,1,0.20473612844944,7.9893,-5.0107,0.0
SER,C,412,-1.0,64.4,41.2,True,,1,Phenyl ester,0.5350319880000001,0.734040428,0.734040428,0.734040428,1,0,1,1,1,0,1,1,1,0.20473612844944,7.9893,-5.0107,0.0
SER,D,38,-1.0,47.1,45.6,True,,1,Activated ester,0.542527048,0.736950032,0.736950032,0.736950032,1,0,1,1,1,0,1,1,1,0.20373383164405823,7.992,-5.008,0.0
SER,D,38,-1.0,47.1,45.6,True,,1,Phenyl ester,0.5350319880000001,0.734040428,0.734040428,0.734040428,1,0,1,1,1,0,1,1,1,0.20373383164405823,7.992,-5.008,0.0
THR,B,394,-1.0,50.3,35.8,True,,1,Phenyl ester,0.542864344,0.7340164520000001,0.7340164520000001,0.7340164520000001,1,0,1,1,1,0,1,1,1,0.1998724639415741,8.0024,-5.5976,0.0
SER,B,38,-1.0,46.6,44.5,True,,1,Activated ester,0.542527048,0.736950032,0.736950032,0.736950032,1,0,1,1,1,0,1,1,1,0.19978280365467072,8.0026,-4.9974,0.0
SER,B,38,-1.0,46.6,44.5,True,,1,Phenyl ester,0.5350319880000001,0.734040428,0.734040428,0.734040428,1,0,1,1,1,0,1,1,1,0.19978280365467072,8.0026,-4.9974,0.0
SER,A,412,-1.0,65.6,42.0,True,,1,Activated ester,0.542527048,0.736950032,0.736950032,0.736950032,1,0,1,1,1,0,1,1,1,0.19879977405071259,8.0053,-4.9947,0.0
SER,A,412,-1.0,65.6,42.0,True,,1,Phenyl ester,0.5350319880000001,0.734040428,0.734040428,0.734040428,1,0,1,1,1,0,1,1,1,0.19879977405071259,8.0053,-4.9947,0.0
SER,B,579,-1.0,42.9,28.6,True,,1,Activated ester,0.542527048,0.736950032,0.736950032,0.736950032,1,0,1,1,1,0,1,1,1,0.19642965495586395,8.0118,-4.9882,0.0
SER,B,579,-1.0,42.9,28.6,True,,1,Phenyl ester,0.5350319880000001,0.734040428,0.734040428,0.734040428,1,0,1,1,1,0,1,1,1,0.19642965495586395,8.0118,-4.9882,0.0
THR,D,94,-1.0,40.3,34.1,True,,1,Phenyl ester,0.542864344,0.7340164520000001,0.7340164520000001,0.7340164520000001,1,0,1,1,1,0,1,1,1,0.196282759308815,8.0122,-5.5878,0.0
SER,D,566,-1.0,46.0,31.5,True,,1,Activated ester,0.542527048,0.736950032,0.736950032,0.736950032,1,0,1,1,1,0,1,1,1,0.1948888748884201,8.0161,-4.9839,0.0
SER,D,566,-1.0,46.0,31.5,True,,1,Phenyl ester,0.5350319880000001,0.734040428,0.734040428,0.734040428,1,0,1,1,1,0,1,1,1,0.1948888748884201,8.0161,-4.9839,0.0
THR,D,60,-1.0,41.1,34.3,True,,1,Phenyl ester,0.542864344,0.7340164520000001,0.7340164520000001,0.7340164520000001,1,0,1,1,1,0,1,1,1,0.19448943436145782,8.0172,-5.5828,0.0
SER,C,38,-1.0,48.0,46.2,True,,1,Activated ester,0.542527048,0.736950032,0.736950032,0.736950032,1,0,1,1,1,0,1,1,1,0.19347120821475983,8.02,-4.98,0.0
SER,C,38,-1.0,48.0,46.2,True,,1,Phenyl ester,0.5350319880000001,0.734040428,0.734040428,0.734040428,1,0,1,1,1,0,1,1,1,0.19347120821475983,8.02,-4.98,0.0
THR,C,71,-1.0,59.4,44.4,True,,1,Phenyl ester,0.542864344,0.7340164520000001,0.7340164520000001,0.7340164520000001,1,0,1,1,1,0,1,1,1,0.19163349270820618,8.0251,-5.5749,0.0
SER,C,566,-1.0,46.7,32.4,True,,1,Activated ester,0.542527048,0.736950032,0.736950032,0.736950032,1,0,1,1,1,0,1,1,1,0.190984308719635,8.027,-4.973,0.0
SER,C,566,-1.0,46.7,32.4,True,,1,Phenyl ester,0.5350319880000001,0.734040428,0.734040428,0.734040428,1,0,1,1,1,0,1,1,1,0.190984308719635,8.027,-4.973,0.0
THR,B,71,-1.0,56.7,42.6,True,,1,Phenyl ester,0.542864344,0.7340164520000001,0.7340164520000001,0.7340164520000001,1,0,1,1,1,0,1,1,1,0.19028547406196594,8.0289,-5.5711,0.0
THR,B,60,-1.0,41.9,34.6,True,,1,Phenyl ester,0.542864344,0.7340164520000001,0.7340164520000001,0.7340164520000001,1,0,1,1,1,0,1,1,1,0.18813559412956238,8.035,-5.565,0.0
THR,C,476,-1.0,85.2,78.4,True,,1,Phenyl ester,0.542864344,0.7340164520000001,0.7340164520000001,0.7340164520000001,1,0,1,1,1,0,1,1,1,0.18769706785678864,8.0363,-5.5637,0.0
THR,A,94,-1.0,38.5,31.9,True,,1,Phenyl ester,0.542864344,0.7340164520000001,0.7340164520000001,0.7340164520000001,1,0,1,1,1,0,1,1,1,0.18579109013080597,8.0417,-5.5583,0.0
THR,A,71,-1.0,58.5,43.8,True,,1,Phenyl ester,0.542864344,0.7340164520000001,0.7340164520000001,0.7340164520000001,1,0,1,1,1,0,1,1,1,0.18144309520721436,8.0543,-5.5457,0.0
THR,D,71,-1.0,58.0,43.5,True,,1,Phenyl ester,0.542864344,0.7340164520000001,0.7340164520000001,0.7340164520000001,1,0,1,1,1,0,1,1,1,0.18030205368995667,8.0577,-5.5423,0.0
SER,B,412,-1.0,70.6,45.3,True,,1,Activated ester,0.542527048,0.736950032,0.736950032,0.736950032,1,0,1,1,1,0,1,1,1,0.18024472892284393,8.0578,-4.9422,0.0
SER,B,412,-1.0,70.6,45.3,True,,1,Phenyl ester,0.5350319880000001,0.734040428,0.734040428,0.734040428,1,0,1,1,1,0,1,1,1,0.18024472892284393,8.0578,-4.9422,0.0
THR,B,94,-1.0,40.8,34.3,True,,1,Phenyl ester,0.542864344,0.7340164520000001,0.7340164520000001,0.7340164520000001,1,0,1,1,1,0,1,1,1,0.17000992596149445,8.0886,-5.5114,0.0
THR,A,50,-1.0,25.4,31.4,True,,1,Phenyl ester,0.542864344,0.7340164520000001,0.7340164520000001,0.7340164520000001,1,0,1,1,1,0,1,1,1,0.16723929345607758,8.0972,-5.5028,0.0
THR,A,476,-1.0,85.4,78.4,True,,1,Phenyl ester,0.542864344,0.7340164520000001,0.7340164520000001,0.7340164520000001,1,0,1,1,1,0,1,1,1,0.16720499098300934,8.0973,-5.5027,0.0
THR,C,50,-1.0,23.9,29.8,True,,1,Phenyl ester,0.542864344,0.7340164520000001,0.7340164520000001,0.7340164520000001,1,0,1,1,1,0,1,1,1,0.16561421751976013,8.1023,-5.4977,0.0
THR,D,50,-1.0,23.9,30.4,True,,1,Phenyl ester,0.542864344,0.7340164520000001,0.7340164520000001,0.7340164520000001,1,0,1,1,1,0,1,1,1,0.16561421751976013,8.1023,-5.4977,0.0
THR,A,394,-1.0,51.1,35.9,True,,1,Phenyl ester,0.542864344,0.7340164520000001,0.7340164520000001,0.7340164520000001,1,0,1,1,1,0,1,1,1,0.16507887840270996,8.104,-5.496,0.0
SER,B,566,-1.0,45.1,31.2,True,,1,Activated ester,0.542527048,0.736950032,0.736950032,0.736950032,1,0,1,1,1,0,1,1,1,0.16475321352481842,8.105,-4.895,0.0
SER,B,566,-1.0,45.1,31.2,True,,1,Phenyl ester,0.5350319880000001,0.734040428,0.734040428,0.734040428,1,0,1,1,1,0,1,1,1,0.16475321352481842,8.105,-4.895,0.0
SER,A,566,-1.0,38.2,25.4,True,,1,Activated ester,0.542527048,0.736950032,0.736950032,0.736950032,1,0,1,1,1,0,1,1,1,0.15627793967723846,8.1323,-4.8677,0.0
SER,A,566,-1.0,38.2,25.4,True,,1,Phenyl ester,0.5350319880000001,0.734040428,0.734040428,0.734040428,1,0,1,1,1,0,1,1,1,0.15627793967723846,8.1323,-4.8677,0.0
THR,C,394,-1.0,48.8,34.3,True,,1,Phenyl ester,0.542864344,0.7340164520000001,0.7340164520000001,0.7340164520000001,1,0,1,1,1,0,1,1,1,0.15121039748191833,8.1492,-5.4508,0.0
THR,B,50,-1.0,26.2,31.4,True,,1,Phenyl ester,0.542864344,0.7340164520000001,0.7340164520000001,0.7340164520000001,1,0,1,1,1,0,1,1,1,0.14439384639263153,8.1727,-5.4273,0.0
SER,B,119,-1.0,28.1,26.5,True,,1,Activated ester,0.542527048,0.736950032,0.736950032,0.736950032,1,0,1,1,1,0,1,1,1,0.14265640079975128,8.1789,-4.8211,0.0
SER,B,119,-1.0,28.1,26.5,True,,1,Phenyl ester,0.5350319880000001,0.734040428,0.734040428,0.734040428,1,0,1,1,1,0,1,1,1,0.14265640079975128,8.1789,-4.8211,0.0
SER,A,146,-1.0,26.5,16.9,True,,1,Activated ester,0.542527048,0.736950032,0.736950032,0.736950032,1,0,1,1,1,0,1,1,1,0.12334626913070679,8.2517,-4.7483,0.0
SER,B,146,-1.0,26.3,16.8,True,,1,Activated ester,0.542527048,0.736950032,0.736950032,0.736950032,1,0,1,1,1,0,1,1,1,0.12334626913070679,8.2517,-4.7483,0.0
SER,D,146,-1.0,26.5,16.9,True,,1,Activated ester,0.542527048,0.736950032,0.736950032,0.736950032,1,0,1,1,1,0,1,1,1,0.12334626913070679,8.2517,-4.7483,0.0
SER,A,146,-1.0,26.5,16.9,True,,1,Phenyl ester,0.5350319880000001,0.734040428,0.734040428,0.734040428,1,0,1,1,1,0,1,1,1,0.12334626913070679,8.2517,-4.7483,0.0
SER,B,146,-1.0,26.3,16.8,True,,1,Phenyl ester,0.5350319880000001,0.734040428,0.734040428,0.734040428,1,0,1,1,1,0,1,1,1,0.12334626913070679,8.2517,-4.7483,0.0
SER,D,146,-1.0,26.5,16.9,True,,1,Phenyl ester,0.5350319880000001,0.734040428,0.734040428,0.734040428,1,0,1,1,1,0,1,1,1,0.12334626913070679,8.2517,-4.7483,0.0
SER,C,146,-1.0,26.6,17.0,True,,1,Activated ester,0.542527048,0.736950032,0.736950032,0.736950032,1,0,1,1,1,0,1,1,1,0.12080076336860657,8.262,-4.738,0.0
SER,C,146,-1.0,26.6,17.0,True,,1,Phenyl ester,0.5350319880000001,0.734040428,0.734040428,0.734040428,1,0,1,1,1,0,1,1,1,0.12080076336860657,8.262,-4.738,0.0
THR,D,476,-1.0,87.2,79.2,True,,1,Phenyl ester,0.542864344,0.7340164520000001,0.7340164520000001,0.7340164520000001,1,0,1,1,1,0,1,1,1,0.09652289003133774,8.3713,-5.2287,0.0
CYS,A,59,99.99,20.2,19.1,True,False,1,Activated ester,0.63261894,0.736888904,0.736888904,0.736888904,1,1,1,1,0,0,0,1,0,0.9547105431556702,6.0761,-2.2239,1.0
CYS,C,59,99.99,19.1,18.4,True,False,1,Activated ester,0.63261894,0.736888904,0.736888904,0.736888904,1,1,1,1,0,0,0,1,0,0.9547105431556702,6.0761,-2.2239,1.0
CYS,A,59,99.99,20.2,19.1,True,False,1,Phenyl ester,0.6344025039999999,0.733990564,0.733990564,0.733990564,1,1,1,1,0,0,0,1,0,0.9547105431556702,6.0761,-2.2239,1.0
CYS,C,59,99.99,19.1,18.4,True,False,1,Phenyl ester,0.6344025039999999,0.733990564,0.733990564,0.733990564,1,1,1,1,0,0,0,1,0,0.9547105431556702,6.0761,-2.2239,1.0
CYS,B,59,99.99,19.2,18.7,True,False,1,Activated ester,0.63261894,0.736888904,0.736888904,0.736888904,1,1,1,1,0,0,0,1,0,0.9505454301834106,6.1162,-2.1838,1.0
CYS,B,59,99.99,19.2,18.7,True,False,1,Phenyl ester,0.6344025039999999,0.733990564,0.733990564,0.733990564,1,1,1,1,0,0,0,1,0,0.9505454301834106,6.1162,-2.1838,1.0
CYS,D,59,99.99,19.3,18.7,True,False,1,Activated ester,0.63261894,0.736888904,0.736888904,0.736888904,1,1,1,1,0,0,0,1,0,0.9425163865089417,6.1853,-2.1147,1.0
CYS,D,59,99.99,19.3,18.7,True,False,1,Phenyl ester,0.6344025039999999,0.733990564,0.733990564,0.733990564,1,1,1,1,0,0,0,1,0,0.9425163865089417,6.1853,-2.1147,1.0
CYS,C,36,99.99,16.6,17.4,True,False,1,Activated ester,0.63261894,0.736888904,0.736888904,0.736888904,1,1,1,1,0,0,0,1,0,0.8568216562271118,6.623,-1.677,1.0
CYS,C,36,99.99,16.6,17.4,True,False,1,Phenyl ester,0.6344025039999999,0.733990564,0.733990564,0.733990564,1,1,1,1,0,0,0,1,0,0.8568216562271118,6.623,-1.677,1.0
CYS,D,36,99.99,15.3,17.0,True,False,1,Activated ester,0.63261894,0.736888904,0.736888904,0.736888904,1,1,1,1,0,0,0,1,0,0.8522548675537109,6.6389,-1.6611,1.0
CYS,D,36,99.99,15.3,17.0,True,False,1,Phenyl ester,0.6344025039999999,0.733990564,0.733990564,0.733990564,1,1,1,1,0,0,0,1,0,0.8522548675537109,6.6389,-1.6611,1.0
CYS,A,36,99.99,15.4,17.0,True,False,1,Activated ester,0.63261894,0.736888904,0.736888904,0.736888904,1,1,1,1,0,0,0,1,0,0.8492104411125183,6.6494,-1.6506,1.0
CYS,A,36,99.99,15.4,17.0,True,False,1,Phenyl ester,0.6344025039999999,0.733990564,0.733990564,0.733990564,1,1,1,1,0,0,0,1,0,0.8492104411125183,6.6494,-1.6506,1.0
CYS,B,575,99.99,61.7,59.6,True,False,1,Activated ester,0.63261894,0.736888904,0.736888904,0.736888904,1,1,1,1,0,0,0,1,0,0.5849770903587341,7.2509,-1.0491,1.0
CYS,B,575,99.99,61.7,59.6,True,False,1,Phenyl ester,0.6344025039999999,0.733990564,0.733990564,0.733990564,1,1,1,1,0,0,0,1,0,0.5849770903587341,7.2509,-1.0491,1.0
CYS,D,575,99.99,62.2,59.4,True,False,1,Activated ester,0.63261894,0.736888904,0.736888904,0.736888904,1,1,1,1,0,0,0,1,0,0.5787178874015808,7.2621,-1.0379,1.0
CYS,D,575,99.99,62.2,59.4,True,False,1,Phenyl ester,0.6344025039999999,0.733990564,0.733990564,0.733990564,1,1,1,1,0,0,0,1,0,0.5787178874015808,7.2621,-1.0379,1.0
CYS,D,569,99.99,30.5,32.5,True,False,1,Activated ester,0.63261894,0.736888904,0.736888904,0.736888904,1,1,1,1,0,0,0,1,0,0.5746946930885315,7.2693,-1.0307,1.0
CYS,D,569,99.99,30.5,32.5,True,False,1,Phenyl ester,0.6344025039999999,0.733990564,0.733990564,0.733990564,1,1,1,1,0,0,0,1,0,0.5746946930885315,7.2693,-1.0307,1.0
CYS,C,575,99.99,62.9,59.7,True,False,1,Activated ester,0.63261894,0.736888904,0.736888904,0.736888904,1,1,1,1,0,0,0,1,0,0.5662798285484314,7.2842,-1.0158,1.0
CYS,C,575,99.99,62.9,59.7,True,False,1,Phenyl ester,0.6344025039999999,0.733990564,0.733990564,0.733990564,1,1,1,1,0,0,0,1,0,0.5662798285484314,7.2842,-1.0158,1.0
CYS,B,569,99.99,29.1,31.8,True,False,1,Activated ester,0.63261894,0.736888904,0.736888904,0.736888904,1,1,1,1,0,0,0,1,0,0.4312058091163635,7.5203,-0.7797,0.0
CYS,B,569,99.99,29.1,31.8,True,False,1,Phenyl ester,0.6344025039999999,0.733990564,0.733990564,0.733990564,1,1,1,1,0,0,0,1,0,0.4312058091163635,7.5203,-0.7797,0.0
CYS,C,569,99.99,29.5,32.9,True,False,1,Activated ester,0.63261894,0.736888904,0.736888904,0.736888904,1,1,1,1,0,0,0,1,0,0.42324015498161316,7.5344,-0.7656,0.0
CYS,C,569,99.99,29.5,32.9,True,False,1,Phenyl ester,0.6344025039999999,0.733990564,0.733990564,0.733990564,1,1,1,1,0,0,0,1,0,0.42324015498161316,7.5344,-0.7656,0.0
TYR,B,55,11.33,18.5,20.0,True,False,1,Activated ester,0.605602884,0.7369039800000001,0.7369039800000001,0.7369039800000001,1,0,1,1,0,0,0,1,0,0.23978503048419952,7.9011,-2.5989,0.0
TYR,B,402,11.1,15.0,12.3,True,False,1,Activated ester,0.605602884,0.7369039800000001,0.7369039800000001,0.7369039800000001,1,0,1,1,0,0,0,1,0,0.20357556641101837,7.9924,-2.5076,0.0
TYR,D,402,11.09,15.3,12.6,True,False,1,Activated ester,0.605602884,0.7369039800000001,0.7369039800000001,0.7369039800000001,1,0,1,1,0,0,0,1,0,0.18422289192676544,8.0462,-2.4538,0.0
TYR,A,55,11.15,18.5,19.2,True,False,1,Activated ester,0.605602884,0.7369039800000001,0.7369039800000001,0.7369039800000001,1,0,1,1,0,0,0,1,0,0.13286525011062622,8.2147,-2.2853,0.0
TYR,C,55,11.08,18.7,20.5,True,False,1,Activated ester,0.605602884,0.7369039800000001,0.7369039800000001,0.7369039800000001,1,0,1,1,0,0,0,1,0,0.09285247325897217,8.3899,-2.1101,0.0
TYR,D,55,11.23,18.4,19.4,True,False,1,Activated ester,0.605602884,0.7369039800000001,0.7369039800000001,0.7369039800000001,1,0,1,1,0,0,0,1,0,0.07452528923749924,8.4941,-2.0059,0.0
TYR,D,122,10.06,68.4,71.3,True,True,1,Activated ester,0.605602884,0.7369039800000001,0.7369039800000001,0.7369039800000001,1,0,1,1,0,0,0,1,0,0.057947758585214615,8.611,-1.889,0.0
TYR,A,122,10.04,69.1,71.7,True,True,1,Activated ester,0.605602884,0.7369039800000001,0.7369039800000001,0.7369039800000001,1,0,1,1,0,0,0,1,0,0.057680487632751465,8.6132,-1.8868,0.0
TYR,C,122,10.14,68.9,71.7,True,True,1,Activated ester,0.605602884,0.7369039800000001,0.7369039800000001,0.7369039800000001,1,0,1,1,0,0,0,1,0,0.057289060205221176,8.6163,-1.8837,0.0
TYR,B,122,10.08,68.3,71.4,True,True,1,Activated ester,0.605602884,0.7369039800000001,0.7369039800000001,0.7369039800000001,1,0,1,1,0,0,0,1,0,0.055139824748039246,8.6339,-1.8661,0.0
TYR,D,115,9.52,78.9,64.8,True,True,1,Activated ester,0.605602884,0.7369039800000001,0.7369039800000001,0.7369039800000001,1,0,1,1,0,0,0,1,0,0.044188208878040314,8.7351,-1.7649,0.0
TYR,A,115,9.69,81.8,67.4,True,True,1,Activated ester,0.605602884,0.7369039800000001,0.7369039800000001,0.7369039800000001,1,0,1,1,0,0,0,1,0,0.04380422085523605,8.739,-1.761,0.0
TYR,B,115,9.6,80.5,66.4,True,True,1,Activated ester,0.605602884,0.7369039800000001,0.7369039800000001,0.7369039800000001,1,0,1,1,0,0,0,1,0,0.04380422085523605,8.739,-1.761,0.0
TYR,C,115,9.74,82.8,68.3,True,True,1,Activated ester,0.605602884,0.7369039800000001,0.7369039800000001,0.7369039800000001,1,0,1,1,0,0,0,1,0,0.04380422085523605,8.739,-1.761,0.0
TYR,D,254,10.57,34.8,29.5,True,True,1,Activated ester,0.605602884,0.7369039800000001,0.7369039800000001,0.7369039800000001,1,0,1,1,0,0,0,1,0,0.021899867802858353,9.0499,-1.4501,0.0
TYR,A,254,10.22,38.1,37.8,True,True,1,Activated ester,0.605602884,0.7369039800000001,0.7369039800000001,0.7369039800000001,1,0,1,1,0,0,0,1,0,0.01479790173470974,9.2233,-1.2767,0.0
TYR,B,254,10.22,37.9,37.7,True,True,1,Activated ester,0.605602884,0.7369039800000001,0.7369039800000001,0.7369039800000001,1,0,1,1,0,0,0,1,0,0.01479790173470974,9.2233,-1.2767,0.0
TYR,C,254,10.2,37.7,37.8,True,True,1,Activated ester,0.605602884,0.7369039800000001,0.7369039800000001,0.7369039800000001,1,0,1,1,0,0,0,1,0,0.01479790173470974,9.2233,-1.2767,0.0
TYR,A,65,9.49,63.7,52.3,True,True,1,Activated ester,0.605602884,0.7369039800000001,0.7369039800000001,0.7369039800000001,1,0,1,1,0,0,0,1,0,0.014579792506992817,9.2299,-1.2701,0.0
TYR,C,65,9.79,64.0,52.6,True,True,1,Activated ester,0.605602884,0.7369039800000001,0.7369039800000001,0.7369039800000001,1,0,1,1,0,0,0,1,0,0.013343957252800465,9.2689,-1.2311,0.0
TYR,B,65,9.52,64.9,53.4,True,True,1,Activated ester,0.605602884,0.7369039800000001,0.7369039800000001,0.7369039800000001,1,0,1,1,0,0,0,1,0,0.008012436330318451,9.4927,-1.0073,0.0
TYR,A,91,10.26,66.7,56.9,True,True,1,Activated ester,0.605602884,0.7369039800000001,0.7369039800000001,0.7369039800000001,1,0,1,1,0,0,0,1,0,0.00416519632562995,9.7786,-0.7214,0.0
TYR,A,136,13.6,28.4,25.5,True,False,1,Activated ester,0.605602884,0.7369039800000001,0.7369039800000001,0.7369039800000001,1,0,1,1,0,0,0,1,0,0.0,13.4,2.9,0.0
TYR,A,409,10.54,46.9,42.0,True,True,1,Activated ester,0.605602884,0.7369039800000001,0.7369039800000001,0.7369039800000001,1,0,1,1,0,0,0,1,0,0.0,13.4,2.9,0.0
TYR,B,91,10.26,65.5,56.1,True,True,1,Activated ester,0.605602884,0.7369039800000001,0.7369039800000001,0.7369039800000001,1,0,1,1,0,0,0,1,0,0.0,13.4,2.9,0.0
TYR,B,136,13.57,28.0,25.2,True,False,1,Activated ester,0.605602884,0.7369039800000001,0.7369039800000001,0.7369039800000001,1,0,1,1,0,0,0,1,0,0.0,13.4,2.9,0.0
TYR,B,409,10.52,47.0,41.8,True,True,1,Activated ester,0.605602884,0.7369039800000001,0.7369039800000001,0.7369039800000001,1,0,1,1,0,0,0,1,0,0.0,13.4,2.9,0.0
TYR,C,91,10.26,65.5,56.0,True,True,1,Activated ester,0.605602884,0.7369039800000001,0.7369039800000001,0.7369039800000001,1,0,1,1,0,0,0,1,0,0.0,13.4,2.9,0.0
TYR,C,136,13.76,26.3,23.6,True,False,1,Activated ester,0.605602884,0.7369039800000001,0.7369039800000001,0.7369039800000001,1,0,1,1,0,0,0,1,0,0.0,13.4,2.9,0.0
TYR,C,409,10.53,46.6,41.9,True,True,1,Activated ester,0.605602884,0.7369039800000001,0.7369039800000001,0.7369039800000001,1,0,1,1,0,0,0,1,0,0.0,13.4,2.9,0.0
TYR,D,91,10.25,65.9,56.3,True,True,1,Activated ester,0.605602884,0.7369039800000001,0.7369039800000001,0.7369039800000001,1,0,1,1,0,0,0,1,0,0.0,13.4,2.9,0.0
TYR,D,136,13.62,27.0,24.6,True,False,1,Activated ester,0.605602884,0.7369039800000001,0.7369039800000001,0.7369039800000001,1,0,1,1,0,0,0,1,0,0.0,13.4,2.9,0.0
TYR,D,409,10.51,47.6,42.1,True,True,1,Activated ester,0.605602884,0.7369039800000001,0.7369039800000001,0.7369039800000001,1,0,1,1,0,0,0,1,0,0.0,13.4,2.9,0.0
TYR,D,65,9.56,62.2,51.1,True,True,1,Activated ester,0.605602884,0.7369039800000001,0.7369039800000001,0.7369039800000001,1,0,1,1,0,0,0,1,0,,,,
